ID,Vehicles
20170701001,67
20170701011,61
20170701021,43
20170701031,38
20170701041,32
20170701051,31
20170701061,31
20170701071,33
20170701081,38
20170701091,42
20170701101,54
20170701111,55
20170701121,54
20170701131,53
20170701141,53
20170701151,52
20170701161,50
20170701171,50
20170701181,60
20170701191,62
20170701201,62
20170701211,60
20170701221,60
20170701231,59
20170702001,47
20170702011,40
20170702021,33
20170702031,31
20170702041,26
20170702051,26
20170702061,28
20170702071,33
20170702081,33
20170702091,38
20170702101,53
20170702111,55
20170702121,56
20170702131,53
20170702141,51
20170702151,50
20170702161,50
20170702171,51
20170702181,65
20170702191,67
20170702201,66
20170702211,66
20170702221,69
20170702231,67
20170703001,55
20170703011,49
20170703021,36
20170703031,34
20170703041,33
20170703051,33
20170703061,38
20170703071,49
20170703081,55
20170703091,61
20170703101,83
20170703111,94
20170703121,94
20170703131,91
20170703141,96
20170703151,97
20170703161,89
20170703171,87
20170703181,92
20170703191,97
20170703201,94
20170703211,91
20170703221,89
20170703231,85
20170704001,77
20170704011,71
20170704021,57
20170704031,46
20170704041,43
20170704051,43
20170704061,45
20170704071,52
20170704081,57
20170704091,63
20170704101,88
20170704111,99
20170704121,99
20170704131,96
20170704141,100
20170704151,101
20170704161,95
20170704171,92
20170704181,96
20170704191,100
20170704201,96
20170704211,92
20170704221,92
20170704231,87
20170705001,82
20170705011,73
20170705021,58
20170705031,47
20170705041,44
20170705051,44
20170705061,47
20170705071,53
20170705081,59
20170705091,68
20170705101,87
20170705111,98
20170705121,98
20170705131,95
20170705141,99
20170705151,99
20170705161,94
20170705171,91
20170705181,94
20170705191,97
20170705201,94
20170705211,91
20170705221,90
20170705231,86
20170706001,82
20170706011,67
20170706021,57
20170706031,46
20170706041,42
20170706051,42
20170706061,46
20170706071,51
20170706081,60
20170706091,68
20170706101,99
20170706111,113
20170706121,112
20170706131,110
20170706141,114
20170706151,118
20170706161,121
20170706171,127
20170706181,132
20170706191,131
20170706201,125
20170706211,107
20170706221,92
20170706231,90
20170707001,81
20170707011,67
20170707021,59
20170707031,47
20170707041,40
20170707051,39
20170707061,46
20170707071,52
20170707081,60
20170707091,72
20170707101,89
20170707111,99
20170707121,101
20170707131,95
20170707141,98
20170707151,98
20170707161,93
20170707171,88
20170707181,94
20170707191,96
20170707201,96
20170707211,82
20170707221,77
20170707231,75
20170708001,67
20170708011,60
20170708021,45
20170708031,37
20170708041,34
20170708051,30
20170708061,31
20170708071,33
20170708081,38
20170708091,43
20170708101,54
20170708111,58
20170708121,58
20170708131,57
20170708141,56
20170708151,53
20170708161,53
20170708171,54
20170708181,57
20170708191,64
20170708201,67
20170708211,64
20170708221,64
20170708231,63
20170709001,53
20170709011,43
20170709021,38
20170709031,35
20170709041,26
20170709051,26
20170709061,28
20170709071,36
20170709081,40
20170709091,42
20170709101,51
20170709111,54
20170709121,56
20170709131,53
20170709141,51
20170709151,50
20170709161,52
20170709171,53
20170709181,62
20170709191,70
20170709201,72
20170709211,70
20170709221,68
20170709231,67
20170710001,58
20170710011,51
20170710021,39
20170710031,39
20170710041,33
20170710051,33
20170710061,41
20170710071,50
20170710081,56
20170710091,64
20170710101,86
20170710111,112
20170710121,111
20170710131,106
20170710141,111
20170710151,114
20170710161,111
20170710171,109
20170710181,111
20170710191,114
20170710201,108
20170710211,100
20170710221,93
20170710231,90
20170711001,79
20170711011,74
20170711021,59
20170711031,47
20170711041,43
20170711051,44
20170711061,47
20170711071,53
20170711081,58
20170711091,65
20170711101,92
20170711111,113
20170711121,112
20170711131,106
20170711141,109
20170711151,111
20170711161,109
20170711171,108
20170711181,114
20170711191,115
20170711201,109
20170711211,102
20170711221,96
20170711231,93
20170712001,84
20170712011,74
20170712021,58
20170712031,49
20170712041,42
20170712051,44
20170712061,48
20170712071,54
20170712081,60
20170712091,71
20170712101,91
20170712111,110
20170712121,111
20170712131,99
20170712141,106
20170712151,107
20170712161,104
20170712171,104
20170712181,111
20170712191,110
20170712201,105
20170712211,99
20170712221,93
20170712231,89
20170713001,83
20170713011,69
20170713021,57
20170713031,49
20170713041,42
20170713051,43
20170713061,47
20170713071,52
20170713081,56
20170713091,70
20170713101,92
20170713111,112
20170713121,112
20170713131,99
20170713141,105
20170713151,106
20170713161,101
20170713171,101
20170713181,109
20170713191,109
20170713201,106
20170713211,96
20170713221,90
20170713231,88
20170714001,81
20170714011,67
20170714021,57
20170714031,48
20170714041,39
20170714051,38
20170714061,45
20170714071,51
20170714081,55
20170714091,70
20170714101,87
20170714111,100
20170714121,100
20170714131,95
20170714141,97
20170714151,98
20170714161,97
20170714171,91
20170714181,98
20170714191,98
20170714201,99
20170714211,83
20170714221,80
20170714231,75
20170715001,68
20170715011,58
20170715021,44
20170715031,36
20170715041,32
20170715051,29
20170715061,30
20170715071,31
20170715081,39
20170715091,44
20170715101,53
20170715111,55
20170715121,55
20170715131,55
20170715141,54
20170715151,58
20170715161,57
20170715171,54
20170715181,55
20170715191,61
20170715201,64
20170715211,61
20170715221,61
20170715231,60
20170716001,50
20170716011,42
20170716021,35
20170716031,32
20170716041,26
20170716051,26
20170716061,27
20170716071,30
20170716081,37
20170716091,40
20170716101,50
20170716111,51
20170716121,53
20170716131,51
20170716141,49
20170716151,49
20170716161,51
20170716171,51
20170716181,54
20170716191,61
20170716201,62
20170716211,60
20170716221,60
20170716231,60
20170717001,58
20170717011,43
20170717021,38
20170717031,36
20170717041,30
20170717051,32
20170717061,40
20170717071,50
20170717081,55
20170717091,63
20170717101,86
20170717111,111
20170717121,112
20170717131,106
20170717141,110
20170717151,111
20170717161,109
20170717171,107
20170717181,110
20170717191,113
20170717201,108
20170717211,98
20170717221,92
20170717231,90
20170718001,79
20170718011,71
20170718021,57
20170718031,48
20170718041,42
20170718051,42
20170718061,44
20170718071,51
20170718081,57
20170718091,64
20170718101,91
20170718111,110
20170718121,111
20170718131,105
20170718141,108
20170718151,108
20170718161,104
20170718171,105
20170718181,111
20170718191,111
20170718201,108
20170718211,99
20170718221,95
20170718231,94
20170719001,82
20170719011,70
20170719021,56
20170719031,48
20170719041,42
20170719051,41
20170719061,45
20170719071,52
20170719081,59
20170719091,68
20170719101,92
20170719111,106
20170719121,110
20170719131,101
20170719141,106
20170719151,105
20170719161,102
20170719171,102
20170719181,107
20170719191,109
20170719201,107
20170719211,97
20170719221,93
20170719231,90
20170720001,80
20170720011,66
20170720021,54
20170720031,47
20170720041,42
20170720051,41
20170720061,44
20170720071,50
20170720081,59
20170720091,68
20170720101,100
20170720111,112
20170720121,113
20170720131,103
20170720141,108
20170720151,106
20170720161,101
20170720171,102
20170720181,107
20170720191,109
20170720201,108
20170720211,98
20170720221,93
20170720231,91
20170721001,80
20170721011,64
20170721021,56
20170721031,48
20170721041,38
20170721051,38
20170721061,42
20170721071,48
20170721081,60
20170721091,70
20170721101,90
20170721111,95
20170721121,97
20170721131,89
20170721141,92
20170721151,91
20170721161,86
20170721171,85
20170721181,90
20170721191,93
20170721201,91
20170721211,81
20170721221,76
20170721231,74
20170722001,68
20170722011,55
20170722021,46
20170722031,39
20170722041,33
20170722051,29
20170722061,32
20170722071,34
20170722081,38
20170722091,44
20170722101,52
20170722111,55
20170722121,55
20170722131,53
20170722141,54
20170722151,56
20170722161,57
20170722171,55
20170722181,57
20170722191,64
20170722201,65
20170722211,64
20170722221,64
20170722231,63
20170723001,52
20170723011,44
20170723021,36
20170723031,33
20170723041,27
20170723051,27
20170723061,28
20170723071,32
20170723081,38
20170723091,43
20170723101,52
20170723111,54
20170723121,56
20170723131,54
20170723141,53
20170723151,52
20170723161,53
20170723171,54
20170723181,59
20170723191,66
20170723201,65
20170723211,64
20170723221,64
20170723231,63
20170724001,58
20170724011,49
20170724021,41
20170724031,39
20170724041,34
20170724051,34
20170724061,44
20170724071,50
20170724081,57
20170724091,67
20170724101,83
20170724111,109
20170724121,112
20170724131,103
20170724141,112
20170724151,110
20170724161,105
20170724171,106
20170724181,109
20170724191,112
20170724201,110
20170724211,103
20170724221,95
20170724231,93
20170725001,86
20170725011,73
20170725021,64
20170725031,51
20170725041,43
20170725051,40
20170725061,46
20170725071,53
20170725081,59
20170725091,68
20170725101,91
20170725111,103
20170725121,105
20170725131,94
20170725141,102
20170725151,102
20170725161,99
20170725171,100
20170725181,108
20170725191,109
20170725201,109
20170725211,107
20170725221,98
20170725231,97
20170726001,89
20170726011,71
20170726021,65
20170726031,53
20170726041,43
20170726051,41
20170726061,47
20170726071,53
20170726081,60
20170726091,69
20170726101,91
20170726111,96
20170726121,98
20170726131,92
20170726141,98
20170726151,98
20170726161,96
20170726171,97
20170726181,106
20170726191,109
20170726201,108
20170726211,104
20170726221,97
20170726231,95
20170727001,87
20170727011,67
20170727021,63
20170727031,50
20170727041,43
20170727051,40
20170727061,46
20170727071,51
20170727081,59
20170727091,68
20170727101,98
20170727111,118
20170727121,117
20170727131,107
20170727141,114
20170727151,115
20170727161,110
20170727171,111
20170727181,116
20170727191,120
20170727201,117
20170727211,104
20170727221,97
20170727231,94
20170728001,87
20170728011,66
20170728021,63
20170728031,51
20170728041,39
20170728051,38
20170728061,44
20170728071,52
20170728081,59
20170728091,69
20170728101,89
20170728111,99
20170728121,99
20170728131,91
20170728141,98
20170728151,97
20170728161,93
20170728171,89
20170728181,93
20170728191,98
20170728201,95
20170728211,85
20170728221,80
20170728231,77
20170729001,70
20170729011,57
20170729021,47
20170729031,41
20170729041,32
20170729051,29
20170729061,31
20170729071,32
20170729081,39
20170729091,45
20170729101,62
20170729111,64
20170729121,62
20170729131,58
20170729141,55
20170729151,54
20170729161,54
20170729171,55
20170729181,58
20170729191,63
20170729201,64
20170729211,60
20170729221,60
20170729231,58
20170730001,56
20170730011,43
20170730021,34
20170730031,33
20170730041,28
20170730051,27
20170730061,28
20170730071,30
20170730081,37
20170730091,43
20170730101,52
20170730111,56
20170730121,56
20170730131,56
20170730141,54
20170730151,52
20170730161,53
20170730171,53
20170730181,57
20170730191,61
20170730201,61
20170730211,60
20170730221,60
20170730231,61
20170731001,58
20170731011,48
20170731021,41
20170731031,44
20170731041,41
20170731051,42
20170731061,42
20170731071,49
20170731081,56
20170731091,68
20170731101,83
20170731111,109
20170731121,112
20170731131,103
20170731141,109
20170731151,109
20170731161,103
20170731171,103
20170731181,109
20170731191,111
20170731201,108
20170731211,99
20170731221,84
20170731231,83
20170801001,77
20170801011,72
20170801021,58
20170801031,46
20170801041,43
20170801051,43
20170801061,45
20170801071,50
20170801081,56
20170801091,62
20170801101,93
20170801111,106
20170801121,108
20170801131,100
20170801141,103
20170801151,107
20170801161,112
20170801171,112
20170801181,110
20170801191,110
20170801201,105
20170801211,97
20170801221,93
20170801231,88
20170802001,81
20170802011,73
20170802021,58
20170802031,47
20170802041,43
20170802051,43
20170802061,47
20170802071,52
20170802081,58
20170802091,66
20170802101,86
20170802111,98
20170802121,99
20170802131,96
20170802141,100
20170802151,101
20170802161,95
20170802171,92
20170802181,95
20170802191,100
20170802201,97
20170802211,93
20170802221,91
20170802231,85
20170803001,80
20170803011,69
20170803021,56
20170803031,47
20170803041,42
20170803051,42
20170803061,46
20170803071,51
20170803081,56
20170803091,66
20170803101,86
20170803111,98
20170803121,99
20170803131,96
20170803141,100
20170803151,101
20170803161,94
20170803171,91
20170803181,95
20170803191,99
20170803201,97
20170803211,92
20170803221,89
20170803231,85
20170804001,79
20170804011,67
20170804021,56
20170804031,46
20170804041,38
20170804051,39
20170804061,45
20170804071,52
20170804081,55
20170804091,66
20170804101,86
20170804111,96
20170804121,98
20170804131,95
20170804141,98
20170804151,99
20170804161,91
20170804171,87
20170804181,93
20170804191,97
20170804201,95
20170804211,84
20170804221,80
20170804231,78
20170805001,67
20170805011,61
20170805021,45
20170805031,38
20170805041,33
20170805051,32
20170805061,32
20170805071,33
20170805081,39
20170805091,45
20170805101,55
20170805111,58
20170805121,57
20170805131,57
20170805141,56
20170805151,54
20170805161,51
20170805171,51
20170805181,57
20170805191,58
20170805201,62
20170805211,59
20170805221,59
20170805231,57
20170806001,49
20170806011,42
20170806021,36
20170806031,34
20170806041,26
20170806051,26
20170806061,28
20170806071,32
20170806081,35
20170806091,42
20170806101,50
20170806111,53
20170806121,54
20170806131,52
20170806141,50
20170806151,49
20170806161,49
20170806171,50
20170806181,57
20170806191,59
20170806201,60
20170806211,62
20170806221,62
20170806231,60
20170807001,56
20170807011,49
20170807021,39
20170807031,38
20170807041,33
20170807051,33
20170807061,41
20170807071,49
20170807081,59
20170807091,68
20170807101,87
20170807111,112
20170807121,111
20170807131,107
20170807141,111
20170807151,114
20170807161,112
20170807171,110
20170807181,112
20170807191,115
20170807201,110
20170807211,100
20170807221,93
20170807231,90
20170808001,79
20170808011,74
20170808021,58
20170808031,47
20170808041,45
20170808051,44
20170808061,48
20170808071,53
20170808081,60
20170808091,67
20170808101,97
20170808111,113
20170808121,112
20170808131,106
20170808141,108
20170808151,111
20170808161,110
20170808171,109
20170808181,114
20170808191,115
20170808201,111
20170808211,101
20170808221,97
20170808231,93
20170809001,84
20170809011,75
20170809021,59
20170809031,47
20170809041,45
20170809051,45
20170809061,49
20170809071,53
20170809081,60
20170809091,69
20170809101,98
20170809111,112
20170809121,111
20170809131,100
20170809141,106
20170809151,108
20170809161,103
20170809171,102
20170809181,107
20170809191,108
20170809201,105
20170809211,96
20170809221,92
20170809231,89
20170810001,83
20170810011,67
20170810021,57
20170810031,46
20170810041,44
20170810051,43
20170810061,47
20170810071,51
20170810081,56
20170810091,68
20170810101,98
20170810111,113
20170810121,112
20170810131,100
20170810141,105
20170810151,106
20170810161,101
20170810171,101
20170810181,107
20170810191,109
20170810201,107
20170810211,95
20170810221,89
20170810231,88
20170811001,81
20170811011,66
20170811021,59
20170811031,47
20170811041,39
20170811051,39
20170811061,45
20170811071,51
20170811081,55
20170811091,69
20170811101,87
20170811111,99
20170811121,101
20170811131,94
20170811141,98
20170811151,98
20170811161,92
20170811171,87
20170811181,94
20170811191,96
20170811201,97
20170811211,83
20170811221,79
20170811231,75
20170812001,68
20170812011,59
20170812021,46
20170812031,41
20170812041,33
20170812051,30
20170812061,31
20170812071,33
20170812081,39
20170812091,43
20170812101,53
20170812111,57
20170812121,57
20170812131,57
20170812141,56
20170812151,53
20170812161,54
20170812171,55
20170812181,57
20170812191,62
20170812201,66
20170812211,62
20170812221,62
20170812231,61
20170813001,49
20170813011,42
20170813021,35
20170813031,33
20170813041,26
20170813051,26
20170813061,27
20170813071,31
20170813081,36
20170813091,43
20170813101,51
20170813111,54
20170813121,56
20170813131,53
20170813141,50
20170813151,50
20170813161,52
20170813171,53
20170813181,57
20170813191,60
20170813201,61
20170813211,59
20170813221,59
20170813231,58
20170814001,57
20170814011,45
20170814021,38
20170814031,38
20170814041,33
20170814051,33
20170814061,41
20170814071,51
20170814081,55
20170814091,64
20170814101,86
20170814111,112
20170814121,112
20170814131,107
20170814141,112
20170814151,113
20170814161,111
20170814171,109
20170814181,114
20170814191,116
20170814201,109
20170814211,100
20170814221,93
20170814231,91
20170815001,80
20170815011,73
20170815021,57
20170815031,49
20170815041,42
20170815051,43
20170815061,47
20170815071,53
20170815081,57
20170815091,65
20170815101,91
20170815111,112
20170815121,112
20170815131,104
20170815141,106
20170815151,106
20170815161,104
20170815171,104
20170815181,111
20170815191,111
20170815201,108
20170815211,99
20170815221,94
20170815231,94
20170816001,83
20170816011,71
20170816021,56
20170816031,49
20170816041,42
20170816051,43
20170816061,46
20170816071,52
20170816081,57
20170816091,68
20170816101,91
20170816111,108
20170816121,110
20170816131,98
20170816141,103
20170816151,103
20170816161,99
20170816171,100
20170816181,103
20170816191,104
20170816201,103
20170816211,95
20170816221,92
20170816231,88
20170817001,81
20170817011,66
20170817021,54
20170817031,47
20170817041,42
20170817051,42
20170817061,45
20170817071,50
20170817081,55
20170817091,68
20170817101,93
20170817111,112
20170817121,112
20170817131,98
20170817141,103
20170817151,102
20170817161,97
20170817171,97
20170817181,100
20170817191,103
20170817201,103
20170817211,94
20170817221,89
20170817231,87
20170818001,80
20170818011,64
20170818021,56
20170818031,47
20170818041,39
20170818051,38
20170818061,42
20170818071,49
20170818081,55
20170818091,68
20170818101,89
20170818111,99
20170818121,99
20170818131,93
20170818141,96
20170818151,96
20170818161,95
20170818171,91
20170818181,95
20170818191,95
20170818201,95
20170818211,83
20170818221,78
20170818231,74
20170819001,68
20170819011,56
20170819021,45
20170819031,36
20170819041,33
20170819051,29
20170819061,30
20170819071,32
20170819081,38
20170819091,44
20170819101,53
20170819111,54
20170819121,55
20170819131,54
20170819141,54
20170819151,57
20170819161,57
20170819171,54
20170819181,54
20170819191,62
20170819201,66
20170819211,63
20170819221,63
20170819231,62
20170820001,52
20170820011,42
20170820021,36
20170820031,33
20170820041,27
20170820051,27
20170820061,27
20170820071,31
20170820081,37
20170820091,43
20170820101,51
20170820111,52
20170820121,53
20170820131,50
20170820141,48
20170820151,48
20170820161,49
20170820171,51
20170820181,55
20170820191,65
20170820201,66
20170820211,64
20170820221,62
20170820231,62
20170821001,58
20170821011,48
20170821021,40
20170821031,37
20170821041,33
20170821051,34
20170821061,41
20170821071,50
20170821081,57
20170821091,68
20170821101,83
20170821111,111
20170821121,113
20170821131,108
20170821141,113
20170821151,112
20170821161,107
20170821171,108
20170821181,111
20170821191,113
20170821201,110
20170821211,102
20170821221,95
20170821231,93
20170822001,79
20170822011,73
20170822021,57
20170822031,49
20170822041,42
20170822051,41
20170822061,44
20170822071,52
20170822081,59
20170822091,69
20170822101,95
20170822111,112
20170822121,115
20170822131,106
20170822141,113
20170822151,111
20170822161,106
20170822171,107
20170822181,111
20170822191,111
20170822201,110
20170822211,102
20170822221,97
20170822231,96
20170823001,81
20170823011,71
20170823021,57
20170823031,50
20170823041,42
20170823051,41
20170823061,46
20170823071,52
20170823081,61
20170823091,70
20170823101,94
20170823111,109
20170823121,112
20170823131,102
20170823141,113
20170823151,110
20170823161,103
20170823171,103
20170823181,108
20170823191,110
20170823201,108
20170823211,98
20170823221,94
20170823231,91
20170824001,79
20170824011,67
20170824021,57
20170824031,48
20170824041,41
20170824051,39
20170824061,45
20170824071,50
20170824081,60
20170824091,69
20170824101,101
20170824111,114
20170824121,114
20170824131,102
20170824141,113
20170824151,110
20170824161,103
20170824171,103
20170824181,109
20170824191,110
20170824201,109
20170824211,98
20170824221,94
20170824231,91
20170825001,84
20170825011,65
20170825021,61
20170825031,49
20170825041,39
20170825051,39
20170825061,42
20170825071,50
20170825081,60
20170825091,69
20170825101,88
20170825111,95
20170825121,97
20170825131,89
20170825141,94
20170825151,92
20170825161,87
20170825171,86
20170825181,90
20170825191,93
20170825201,91
20170825211,84
20170825221,78
20170825231,76
20170826001,70
20170826011,57
20170826021,47
20170826031,42
20170826041,34
20170826051,31
20170826061,33
20170826071,37
20170826081,41
20170826091,48
20170826101,62
20170826111,65
20170826121,63
20170826131,60
20170826141,58
20170826151,57
20170826161,58
20170826171,58
20170826181,60
20170826191,63
20170826201,65
20170826211,64
20170826221,64
20170826231,62
20170827001,55
20170827011,44
20170827021,35
20170827031,33
20170827041,29
20170827051,27
20170827061,28
20170827071,32
20170827081,38
20170827091,45
20170827101,56
20170827111,61
20170827121,62
20170827131,60
20170827141,57
20170827151,56
20170827161,57
20170827171,57
20170827181,59
20170827191,63
20170827201,64
20170827211,62
20170827221,63
20170827231,63
20170828001,58
20170828011,48
20170828021,40
20170828031,38
20170828041,33
20170828051,34
20170828061,40
20170828071,49
20170828081,55
20170828091,67
20170828101,81
20170828111,118
20170828121,118
20170828131,106
20170828141,115
20170828151,113
20170828161,106
20170828171,107
20170828181,114
20170828191,119
20170828201,113
20170828211,105
20170828221,96
20170828231,94
20170829001,86
20170829011,73
20170829021,65
20170829031,50
20170829041,43
20170829051,41
20170829061,46
20170829071,52
20170829081,58
20170829091,69
20170829101,93
20170829111,119
20170829121,119
20170829131,107
20170829141,115
20170829151,115
20170829161,109
20170829171,109
20170829181,115
20170829191,118
20170829201,113
20170829211,104
20170829221,96
20170829231,96
20170830001,87
20170830011,70
20170830021,64
20170830031,51
20170830041,43
20170830051,41
20170830061,46
20170830071,52
20170830081,59
20170830091,70
20170830101,92
20170830111,110
20170830121,112
20170830131,104
20170830141,112
20170830151,113
20170830161,106
20170830171,107
20170830181,111
20170830191,115
20170830201,110
20170830211,99
20170830221,85
20170830231,84
20170831001,85
20170831011,67
20170831021,62
20170831031,50
20170831041,43
20170831051,40
20170831061,46
20170831071,51
20170831081,59
20170831091,69
20170831101,100
20170831111,108
20170831121,111
20170831131,103
20170831141,107
20170831151,108
20170831161,103
20170831171,104
20170831181,106
20170831191,108
20170831201,107
20170831211,98
20170831221,87
20170831231,87
20170901001,80
20170901011,67
20170901021,58
20170901031,47
20170901041,39
20170901051,39
20170901061,45
20170901071,51
20170901081,55
20170901091,65
20170901101,93
20170901111,104
20170901121,107
20170901131,99
20170901141,103
20170901151,106
20170901161,109
20170901171,109
20170901181,107
20170901191,108
20170901201,104
20170901211,90
20170901221,83
20170901231,81
20170902001,67
20170902011,61
20170902021,43
20170902031,39
20170902041,33
20170902051,31
20170902061,31
20170902071,33
20170902081,38
20170902091,43
20170902101,57
20170902111,59
20170902121,59
20170902131,57
20170902141,57
20170902151,55
20170902161,51
20170902171,52
20170902181,62
20170902191,61
20170902201,64
20170902211,62
20170902221,62
20170902231,60
20170903001,50
20170903011,42
20170903021,34
20170903031,32
20170903041,26
20170903051,26
20170903061,28
20170903071,33
20170903081,39
20170903091,46
20170903101,53
20170903111,55
20170903121,56
20170903131,53
20170903141,51
20170903151,50
20170903161,50
20170903171,51
20170903181,63
20170903191,65
20170903201,66
20170903211,65
20170903221,67
20170903231,66
20170904001,57
20170904011,49
20170904021,38
20170904031,36
20170904041,33
20170904051,33
20170904061,40
20170904071,49
20170904081,55
20170904091,62
20170904101,87
20170904111,97
20170904121,98
20170904131,96
20170904141,100
20170904151,101
20170904161,93
20170904171,89
20170904181,95
20170904191,98
20170904201,95
20170904211,91
20170904221,89
20170904231,85
20170905001,77
20170905011,72
20170905021,57
20170905031,46
20170905041,44
20170905051,44
20170905061,45
20170905071,52
20170905081,58
20170905091,64
20170905101,87
20170905111,97
20170905121,97
20170905131,95
20170905141,98
20170905151,99
20170905161,94
20170905171,90
20170905181,94
20170905191,98
20170905201,94
20170905211,92
20170905221,92
20170905231,87
20170906001,82
20170906011,74
20170906021,58
20170906031,47
20170906041,44
20170906051,44
20170906061,47
20170906071,52
20170906081,63
20170906091,70
20170906101,96
20170906111,113
20170906121,112
20170906131,110
20170906141,114
20170906151,119
20170906161,122
20170906171,127
20170906181,132
20170906191,131
20170906201,125
20170906211,108
20170906221,95
20170906231,91
20170907001,83
20170907011,69
20170907021,59
20170907031,47
20170907041,44
20170907051,43
20170907061,49
20170907071,51
20170907081,61
20170907091,73
20170907101,98
20170907111,113
20170907121,112
20170907131,100
20170907141,106
20170907151,108
20170907161,102
20170907171,102
20170907181,105
20170907191,106
20170907201,105
20170907211,95
20170907221,90
20170907231,88
20170908001,81
20170908011,66
20170908021,58
20170908031,47
20170908041,40
20170908051,39
20170908061,46
20170908071,52
20170908081,56
20170908091,71
20170908101,89
20170908111,100
20170908121,101
20170908131,95
20170908141,98
20170908151,98
20170908161,93
20170908171,88
20170908181,94
20170908191,96
20170908201,97
20170908211,83
20170908221,79
20170908231,76
20170909001,67
20170909011,60
20170909021,46
20170909031,37
20170909041,34
20170909051,30
20170909061,31
20170909071,34
20170909081,41
20170909091,43
20170909101,54
20170909111,58
20170909121,58
20170909131,57
20170909141,56
20170909151,53
20170909161,54
20170909171,56
20170909181,58
20170909191,64
20170909201,67
20170909211,64
20170909221,64
20170909231,63
20170910001,54
20170910011,44
20170910021,38
20170910031,35
20170910041,25
20170910051,26
20170910061,28
20170910071,35
20170910081,41
20170910091,42
20170910101,52
20170910111,54
20170910121,57
20170910131,54
20170910141,51
20170910151,50
20170910161,53
20170910171,53
20170910181,62
20170910191,70
20170910201,72
20170910211,69
20170910221,68
20170910231,67
20170911001,58
20170911011,51
20170911021,39
20170911031,39
20170911041,33
20170911051,33
20170911061,40
20170911071,50
20170911081,56
20170911091,64
20170911101,85
20170911111,113
20170911121,112
20170911131,108
20170911141,113
20170911151,116
20170911161,113
20170911171,110
20170911181,112
20170911191,116
20170911201,109
20170911211,102
20170911221,93
20170911231,91
20170912001,79
20170912011,74
20170912021,59
20170912031,48
20170912041,43
20170912051,44
20170912061,48
20170912071,54
20170912081,59
20170912091,66
20170912101,92
20170912111,113
20170912121,113
20170912131,106
20170912141,110
20170912151,111
20170912161,110
20170912171,109
20170912181,115
20170912191,115
20170912201,109
20170912211,102
20170912221,96
20170912231,93
20170913001,84
20170913011,74
20170913021,58
20170913031,49
20170913041,43
20170913051,44
20170913061,49
20170913071,54
20170913081,60
20170913091,71
20170913101,91
20170913111,110
20170913121,111
20170913131,99
20170913141,106
20170913151,107
20170913161,103
20170913171,103
20170913181,111
20170913191,110
20170913201,105
20170913211,97
20170913221,93
20170913231,89
20170914001,83
20170914011,69
20170914021,55
20170914031,48
20170914041,42
20170914051,43
20170914061,47
20170914071,52
20170914081,56
20170914091,69
20170914101,93
20170914111,112
20170914121,112
20170914131,98
20170914141,105
20170914151,105
20170914161,100
20170914171,100
20170914181,107
20170914191,107
20170914201,105
20170914211,96
20170914221,90
20170914231,88
20170915001,81
20170915011,66
20170915021,56
20170915031,49
20170915041,40
20170915051,38
20170915061,44
20170915071,49
20170915081,54
20170915091,68
20170915101,89
20170915111,100
20170915121,100
20170915131,96
20170915141,98
20170915151,99
20170915161,100
20170915171,94
20170915181,100
20170915191,98
20170915201,100
20170915211,84
20170915221,81
20170915231,75
20170916001,69
20170916011,56
20170916021,44
20170916031,35
20170916041,32
20170916051,28
20170916061,29
20170916071,31
20170916081,39
20170916091,43
20170916101,53
20170916111,55
20170916121,56
20170916131,55
20170916141,54
20170916151,58
20170916161,57
20170916171,54
20170916181,54
20170916191,62
20170916201,65
20170916211,61
20170916221,61
20170916231,60
20170917001,50
20170917011,42
20170917021,36
20170917031,32
20170917041,27
20170917051,26
20170917061,26
20170917071,30
20170917081,37
20170917091,40
20170917101,50
20170917111,51
20170917121,53
20170917131,51
20170917141,49
20170917151,49
20170917161,50
20170917171,51
20170917181,53
20170917191,61
20170917201,62
20170917211,60
20170917221,60
20170917231,60
20170918001,58
20170918011,44
20170918021,38
20170918031,36
20170918041,30
20170918051,32
20170918061,39
20170918071,50
20170918081,55
20170918091,63
20170918101,86
20170918111,111
20170918121,112
20170918131,106
20170918141,112
20170918151,112
20170918161,108
20170918171,107
20170918181,110
20170918191,113
20170918201,109
20170918211,97
20170918221,92
20170918231,91
20170919001,78
20170919011,72
20170919021,57
20170919031,48
20170919041,42
20170919051,41
20170919061,43
20170919071,51
20170919081,58
20170919091,64
20170919101,92
20170919111,110
20170919121,112
20170919131,105
20170919141,109
20170919151,109
20170919161,105
20170919171,107
20170919181,112
20170919191,112
20170919201,109
20170919211,99
20170919221,95
20170919231,94
20170920001,83
20170920011,70
20170920021,56
20170920031,49
20170920041,42
20170920051,42
20170920061,45
20170920071,52
20170920081,60
20170920091,69
20170920101,94
20170920111,107
20170920121,110
20170920131,101
20170920141,106
20170920151,105
20170920161,102
20170920171,103
20170920181,108
20170920191,109
20170920201,107
20170920211,99
20170920221,94
20170920231,92
20170921001,81
20170921011,66
20170921021,54
20170921031,48
20170921041,42
20170921051,40
20170921061,44
20170921071,50
20170921081,59
20170921091,70
20170921101,101
20170921111,111
20170921121,113
20170921131,103
20170921141,108
20170921151,105
20170921161,101
20170921171,101
20170921181,107
20170921191,108
20170921201,107
20170921211,97
20170921221,93
20170921231,90
20170922001,78
20170922011,64
20170922021,56
20170922031,48
20170922041,38
20170922051,38
20170922061,42
20170922071,48
20170922081,60
20170922091,70
20170922101,91
20170922111,94
20170922121,96
20170922131,89
20170922141,93
20170922151,92
20170922161,86
20170922171,85
20170922181,90
20170922191,93
20170922201,91
20170922211,82
20170922221,77
20170922231,75
20170923001,68
20170923011,55
20170923021,47
20170923031,41
20170923041,33
20170923051,30
20170923061,33
20170923071,34
20170923081,38
20170923091,44
20170923101,52
20170923111,56
20170923121,56
20170923131,54
20170923141,55
20170923151,56
20170923161,57
20170923171,56
20170923181,58
20170923191,63
20170923201,65
20170923211,64
20170923221,64
20170923231,62
20170924001,55
20170924011,44
20170924021,36
20170924031,34
20170924041,28
20170924051,28
20170924061,28
20170924071,32
20170924081,38
20170924091,44
20170924101,52
20170924111,54
20170924121,56
20170924131,55
20170924141,53
20170924151,53
20170924161,54
20170924171,55
20170924181,59
20170924191,64
20170924201,64
20170924211,62
20170924221,64
20170924231,63
20170925001,58
20170925011,50
20170925021,41
20170925031,39
20170925041,34
20170925051,34
20170925061,44
20170925071,49
20170925081,56
20170925091,67
20170925101,81
20170925111,99
20170925121,102
20170925131,95
20170925141,103
20170925151,102
20170925161,98
20170925171,100
20170925181,107
20170925191,110
20170925201,109
20170925211,105
20170925221,97
20170925231,94
20170926001,88
20170926011,73
20170926021,65
20170926031,51
20170926041,43
20170926051,41
20170926061,46
20170926071,53
20170926081,59
20170926091,68
20170926101,91
20170926111,95
20170926121,97
20170926131,90
20170926141,96
20170926151,96
20170926161,95
20170926171,97
20170926181,107
20170926191,109
20170926201,109
20170926211,107
20170926221,98
20170926231,97
20170927001,89
20170927011,71
20170927021,66
20170927031,53
20170927041,43
20170927051,41
20170927061,47
20170927071,53
20170927081,60
20170927091,69
20170927101,91
20170927111,117
20170927121,116
20170927131,107
20170927141,115
20170927151,115
20170927161,109
20170927171,110
20170927181,117
20170927191,121
20170927201,117
20170927211,105
20170927221,97
20170927231,95
20170928001,87
20170928011,67
20170928021,64
20170928031,51
20170928041,43
20170928051,40
20170928061,47
20170928071,51
20170928081,59
20170928091,69
20170928101,98
20170928111,114
20170928121,115
20170928131,105
20170928141,112
20170928151,113
20170928161,106
20170928171,108
20170928181,112
20170928191,118
20170928201,112
20170928211,102
20170928221,96
20170928231,94
20170929001,86
20170929011,66
20170929021,62
20170929031,49
20170929041,39
20170929051,38
20170929061,44
20170929071,51
20170929081,58
20170929091,68
20170929101,91
20170929111,100
20170929121,100
20170929131,93
20170929141,101
20170929151,100
20170929161,96
20170929171,92
20170929181,95
20170929191,102
20170929201,98
20170929211,86
20170929221,81
20170929231,78
20170930001,70
20170930011,57
20170930021,47
20170930031,41
20170930041,32
20170930051,29
20170930061,31
20170930071,32
20170930081,39
20170930091,44
20170930101,61
20170930111,63
20170930121,61
20170930131,58
20170930141,55
20170930151,54
20170930161,54
20170930171,55
20170930181,58
20170930191,63
20170930201,64
20170930211,60
20170930221,60
20170930231,59
20171001001,36
20171001011,29
20171001021,20
20171001031,19
20171001041,21
20171001051,21
20171001061,22
20171001071,25
20171001081,31
20171001091,37
20171001101,44
20171001111,45
20171001121,45
20171001131,43
20171001141,43
20171001151,43
20171001161,45
20171001171,44
20171001181,52
20171001191,51
20171001201,52
20171001211,51
20171001221,52
20171001231,51
20171002001,47
20171002011,39
20171002021,32
20171002031,29
20171002041,33
20171002051,32
20171002061,34
20171002071,48
20171002081,55
20171002091,60
20171002101,83
20171002111,94
20171002121,94
20171002131,91
20171002141,96
20171002151,97
20171002161,89
20171002171,87
20171002181,92
20171002191,97
20171002201,94
20171002211,91
20171002221,89
20171002231,85
20171003001,77
20171003011,71
20171003021,56
20171003031,46
20171003041,43
20171003051,43
20171003061,45
20171003071,52
20171003081,57
20171003091,64
20171003101,86
20171003111,98
20171003121,99
20171003131,96
20171003141,100
20171003151,101
20171003161,95
20171003171,92
20171003181,96
20171003191,99
20171003201,97
20171003211,93
20171003221,92
20171003231,87
20171004001,81
20171004011,73
20171004021,57
20171004031,47
20171004041,43
20171004051,43
20171004061,47
20171004071,52
20171004081,58
20171004091,67
20171004101,88
20171004111,99
20171004121,100
20171004131,96
20171004141,100
20171004151,101
20171004161,96
20171004171,92
20171004181,96
20171004191,99
20171004201,96
20171004211,92
20171004221,90
20171004231,86
20171005001,81
20171005011,67
20171005021,57
20171005031,46
20171005041,42
20171005051,42
20171005061,46
20171005071,51
20171005081,57
20171005091,67
20171005101,87
20171005111,97
20171005121,98
20171005131,95
20171005141,98
20171005151,99
20171005161,92
20171005171,89
20171005181,93
20171005191,97
20171005201,94
20171005211,90
20171005221,88
20171005231,85
20171006001,80
20171006011,66
20171006021,57
20171006031,47
20171006041,38
20171006051,38
20171006061,45
20171006071,52
20171006081,59
20171006091,68
20171006101,89
20171006111,100
20171006121,101
20171006131,95
20171006141,99
20171006151,99
20171006161,95
20171006171,90
20171006181,96
20171006191,98
20171006201,98
20171006211,84
20171006221,77
20171006231,75
20171007001,67
20171007011,60
20171007021,44
20171007031,36
20171007041,32
20171007051,31
20171007061,31
20171007071,33
20171007081,38
20171007091,43
20171007101,53
20171007111,56
20171007121,57
20171007131,56
20171007141,55
20171007151,52
20171007161,53
20171007171,54
20171007181,55
20171007191,59
20171007201,62
20171007211,58
20171007221,58
20171007231,57
20171008001,49
20171008011,42
20171008021,35
20171008031,33
20171008041,26
20171008051,26
20171008061,28
20171008071,32
20171008081,36
20171008091,42
20171008101,51
20171008111,54
20171008121,55
20171008131,53
20171008141,50
20171008151,50
20171008161,52
20171008171,52
20171008181,62
20171008191,71
20171008201,72
20171008211,70
20171008221,69
20171008231,68
20171009001,58
20171009011,51
20171009021,38
20171009031,39
20171009041,33
20171009051,33
20171009061,41
20171009071,50
20171009081,56
20171009091,64
20171009101,88
20171009111,112
20171009121,111
20171009131,107
20171009141,111
20171009151,114
20171009161,112
20171009171,110
20171009181,113
20171009191,116
20171009201,110
20171009211,101
20171009221,94
20171009231,90
20171010001,79
20171010011,75
20171010021,59
20171010031,47
20171010041,45
20171010051,44
20171010061,47
20171010071,53
20171010081,58
20171010091,65
20171010101,95
20171010111,113
20171010121,112
20171010131,105
20171010141,108
20171010151,110
20171010161,108
20171010171,107
20171010181,112
20171010191,113
20171010201,109
20171010211,100
20171010221,95
20171010231,93
20171011001,84
20171011011,73
20171011021,59
20171011031,48
20171011041,42
20171011051,44
20171011061,47
20171011071,53
20171011081,59
20171011091,69
20171011101,92
20171011111,111
20171011121,111
20171011131,100
20171011141,106
20171011151,107
20171011161,103
20171011171,103
20171011181,109
20171011191,109
20171011201,105
20171011211,98
20171011221,93
20171011231,89
20171012001,83
20171012011,70
20171012021,57
20171012031,49
20171012041,42
20171012051,43
20171012061,47
20171012071,52
20171012081,57
20171012091,70
20171012101,93
20171012111,112
20171012121,112
20171012131,99
20171012141,106
20171012151,106
20171012161,101
20171012171,102
20171012181,109
20171012191,109
20171012201,106
20171012211,97
20171012221,90
20171012231,88
20171013001,82
20171013011,68
20171013021,59
20171013031,49
20171013041,40
20171013051,39
20171013061,46
20171013071,51
20171013081,56
20171013091,71
20171013101,87
20171013111,100
20171013121,100
20171013131,95
20171013141,97
20171013151,98
20171013161,97
20171013171,91
20171013181,98
20171013191,98
20171013201,99
20171013211,83
20171013221,80
20171013231,75
20171014001,69
20171014011,58
20171014021,45
20171014031,39
20171014041,32
20171014051,30
20171014061,31
20171014071,33
20171014081,39
20171014091,44
20171014101,53
20171014111,55
20171014121,56
20171014131,55
20171014141,54
20171014151,57
20171014161,57
20171014171,54
20171014181,56
20171014191,61
20171014201,65
20171014211,62
20171014221,61
20171014231,61
20171015001,50
20171015011,42
20171015021,35
20171015031,32
20171015041,26
20171015051,25
20171015061,27
20171015071,31
20171015081,36
20171015091,42
20171015101,50
20171015111,51
20171015121,53
20171015131,51
20171015141,49
20171015151,49
20171015161,51
20171015171,52
20171015181,56
20171015191,62
20171015201,63
20171015211,61
20171015221,61
20171015231,59
20171016001,58
20171016011,43
20171016021,38
20171016031,36
20171016041,31
20171016051,33
20171016061,40
20171016071,50
20171016081,55
20171016091,63
20171016101,86
20171016111,111
20171016121,112
20171016131,106
20171016141,110
20171016151,111
20171016161,109
20171016171,107
20171016181,111
20171016191,114
20171016201,108
20171016211,98
20171016221,92
20171016231,90
20171017001,79
20171017011,72
20171017021,57
20171017031,48
20171017041,42
20171017051,43
20171017061,45
20171017071,51
20171017081,57
20171017091,64
20171017101,91
20171017111,111
20171017121,111
20171017131,104
20171017141,105
20171017151,105
20171017161,103
20171017171,104
20171017181,109
20171017191,110
20171017201,107
20171017211,98
20171017221,94
20171017231,94
20171018001,83
20171018011,70
20171018021,56
20171018031,48
20171018041,42
20171018051,42
20171018061,45
20171018071,51
20171018081,58
20171018091,68
20171018101,91
20171018111,107
20171018121,110
20171018131,99
20171018141,105
20171018151,103
20171018161,100
20171018171,100
20171018181,105
20171018191,107
20171018201,105
20171018211,96
20171018221,92
20171018231,89
20171019001,81
20171019011,65
20171019021,54
20171019031,47
20171019041,41
20171019051,40
20171019061,44
20171019071,50
20171019081,57
20171019091,68
20171019101,98
20171019111,112
20171019121,113
20171019131,103
20171019141,108
20171019151,105
20171019161,101
20171019171,101
20171019181,107
20171019191,108
20171019201,107
20171019211,96
20171019221,91
20171019231,89
20171020001,79
20171020011,64
20171020021,56
20171020031,48
20171020041,38
20171020051,38
20171020061,42
20171020071,48
20171020081,59
20171020091,68
20171020101,90
20171020111,95
20171020121,97
20171020131,89
20171020141,92
20171020151,91
20171020161,86
20171020171,85
20171020181,90
20171020191,93
20171020201,91
20171020211,81
20171020221,76
20171020231,74
20171021001,68
20171021011,55
20171021021,45
20171021031,36
20171021041,33
20171021051,29
20171021061,31
20171021071,33
20171021081,38
20171021091,44
20171021101,52
20171021111,55
20171021121,55
20171021131,53
20171021141,54
20171021151,56
20171021161,57
20171021171,54
20171021181,57
20171021191,64
20171021201,66
20171021211,64
20171021221,63
20171021231,62
20171022001,52
20171022011,44
20171022021,36
20171022031,33
20171022041,27
20171022051,27
20171022061,27
20171022071,32
20171022081,37
20171022091,43
20171022101,52
20171022111,53
20171022121,54
20171022131,51
20171022141,50
20171022151,50
20171022161,51
20171022171,52
20171022181,57
20171022191,68
20171022201,67
20171022211,66
20171022221,64
20171022231,63
20171023001,58
20171023011,49
20171023021,41
20171023031,38
20171023041,34
20171023051,34
20171023061,42
20171023071,50
20171023081,57
20171023091,69
20171023101,83
20171023111,111
20171023121,113
20171023131,105
20171023141,114
20171023151,112
20171023161,108
20171023171,107
20171023181,110
20171023191,112
20171023201,110
20171023211,102
20171023221,95
20171023231,93
20171024001,80
20171024011,73
20171024021,60
20171024031,50
20171024041,42
20171024051,41
20171024061,46
20171024071,53
20171024081,60
20171024091,68
20171024101,93
20171024111,111
20171024121,113
20171024131,101
20171024141,110
20171024151,110
20171024161,104
20171024171,105
20171024181,110
20171024191,110
20171024201,109
20171024211,103
20171024221,96
20171024231,95
20171025001,87
20171025011,71
20171025021,63
20171025031,52
20171025041,42
20171025051,40
20171025061,46
20171025071,53
20171025081,60
20171025091,69
20171025101,92
20171025111,105
20171025121,106
20171025131,95
20171025141,104
20171025151,103
20171025161,99
20171025171,99
20171025181,107
20171025191,109
20171025201,107
20171025211,103
20171025221,96
20171025231,94
20171026001,87
20171026011,67
20171026021,63
20171026031,50
20171026041,43
20171026051,40
20171026061,45
20171026071,52
20171026081,60
20171026091,69
20171026101,98
20171026111,98
20171026121,99
20171026131,92
20171026141,98
20171026151,98
20171026161,96
20171026171,97
20171026181,107
20171026191,109
20171026201,109
20171026211,103
20171026221,97
20171026231,94
20171027001,87
20171027011,66
20171027021,63
20171027031,51
20171027041,40
20171027051,39
20171027061,44
20171027071,52
20171027081,59
20171027091,68
20171027101,89
20171027111,99
20171027121,99
20171027131,91
20171027141,98
20171027151,97
20171027161,93
20171027171,89
20171027181,93
20171027191,98
20171027201,95
20171027211,85
20171027221,80
20171027231,77
20171028001,70
20171028011,57
20171028021,47
20171028031,41
20171028041,32
20171028051,29
20171028061,31
20171028071,32
20171028081,41
20171028091,47
20171028101,64
20171028111,68
20171028121,66
20171028131,61
20171028141,57
20171028151,56
20171028161,57
20171028171,58
20171028181,60
20171028191,67
20171028201,69
20171028211,66
20171028221,65
20171028231,63
20171029001,56
20171029011,44
20171029021,34
20171029031,33
20171029041,28
20171029051,27
20171029061,28
20171029071,30
20171029081,37
20171029091,43
20171029101,53
20171029111,57
20171029121,58
20171029131,56
20171029141,54
20171029151,53
20171029161,54
20171029171,54
20171029181,58
20171029191,61
20171029201,62
20171029211,60
20171029221,61
20171029231,62
20171030001,58
20171030011,48
20171030021,41
20171030031,44
20171030041,41
20171030051,42
20171030061,42
20171030071,49
20171030081,55
20171030091,68
20171030101,83
20171030111,113
20171030121,116
20171030131,105
20171030141,114
20171030151,113
20171030161,106
20171030171,107
20171030181,112
20171030191,115
20171030201,110
20171030211,99
20171030221,81
20171030231,80
20171031001,86
20171031011,73
20171031021,65
20171031031,51
20171031041,43
20171031051,41
20171031061,46
20171031071,52
20171031081,59
20171031091,70
20171031101,93
20171031111,111
20171031121,113
20171031131,104
20171031141,109
20171031151,110
20171031161,105
20171031171,105
20171031181,110
20171031191,111
20171031201,110
20171031211,100
20171031221,85
20171031231,85
20170701002,27
20170701012,26
20170701022,21
20170701032,17
20170701042,13
20170701052,13
20170701062,13
20170701072,12
20170701082,13
20170701092,17
20170701102,20
20170701112,19
20170701122,18
20170701132,17
20170701142,18
20170701152,18
20170701162,16
20170701172,14
20170701182,18
20170701192,19
20170701202,20
20170701212,22
20170701222,21
20170701232,22
20170702002,15
20170702012,15
20170702022,14
20170702032,15
20170702042,13
20170702052,12
20170702062,12
20170702072,13
20170702082,13
20170702092,15
20170702102,16
20170702112,16
20170702122,16
20170702132,15
20170702142,15
20170702152,15
20170702162,15
20170702172,15
20170702182,23
20170702192,22
20170702202,20
20170702212,20
20170702222,21
20170702232,21
20170703002,22
20170703012,21
20170703022,17
20170703032,16
20170703042,14
20170703052,14
20170703062,14
20170703072,18
20170703082,19
20170703092,20
20170703102,25
20170703112,27
20170703122,28
20170703132,28
20170703142,29
20170703152,29
20170703162,29
20170703172,29
20170703182,30
20170703192,33
20170703202,33
20170703212,33
20170703222,32
20170703232,33
20170704002,32
20170704012,30
20170704022,25
20170704032,20
20170704042,17
20170704052,18
20170704062,18
20170704072,21
20170704082,21
20170704092,18
20170704102,25
20170704112,30
20170704122,32
20170704132,31
20170704142,33
20170704152,33
20170704162,32
20170704172,32
20170704182,33
20170704192,36
20170704202,36
20170704212,34
20170704222,32
20170704232,34
20170705002,35
20170705012,27
20170705022,24
20170705032,21
20170705042,18
20170705052,17
20170705062,17
20170705072,20
20170705082,22
20170705092,19
20170705102,26
20170705112,30
20170705122,32
20170705132,32
20170705142,34
20170705152,34
20170705162,33
20170705172,34
20170705182,35
20170705192,37
20170705202,36
20170705212,34
20170705222,33
20170705232,33
20170706002,36
20170706012,28
20170706022,25
20170706032,21
20170706042,16
20170706052,17
20170706062,17
20170706072,19
20170706082,21
20170706092,19
20170706102,27
20170706112,30
20170706122,36
20170706132,34
20170706142,41
20170706152,38
20170706162,37
20170706172,34
20170706182,37
20170706192,41
20170706202,40
20170706212,35
20170706222,34
20170706232,35
20170707002,35
20170707012,28
20170707022,25
20170707032,20
20170707042,17
20170707052,16
20170707062,17
20170707072,18
20170707082,16
20170707092,20
20170707102,26
20170707112,29
20170707122,32
20170707132,31
20170707142,33
20170707152,33
20170707162,32
20170707172,32
20170707182,33
20170707192,34
20170707202,32
20170707212,31
20170707222,29
20170707232,28
20170708002,28
20170708012,25
20170708022,22
20170708032,16
20170708042,13
20170708052,12
20170708062,11
20170708072,11
20170708082,12
20170708092,12
20170708102,16
20170708112,19
20170708122,19
20170708132,17
20170708142,15
20170708152,15
20170708162,19
20170708172,19
20170708182,18
20170708192,19
20170708202,18
20170708212,17
20170708222,19
20170708232,18
20170709002,18
20170709012,16
20170709022,14
20170709032,14
20170709042,13
20170709052,12
20170709062,11
20170709072,12
20170709082,13
20170709092,14
20170709102,16
20170709112,17
20170709122,17
20170709132,16
20170709142,16
20170709152,17
20170709162,19
20170709172,19
20170709182,19
20170709192,21
20170709202,18
20170709212,19
20170709222,22
20170709232,21
20170710002,19
20170710012,18
20170710022,17
20170710032,14
20170710042,13
20170710052,14
20170710062,14
20170710072,17
20170710082,19
20170710092,23
20170710102,26
20170710112,30
20170710122,33
20170710132,33
20170710142,41
20170710152,42
20170710162,40
20170710172,39
20170710182,39
20170710192,41
20170710202,38
20170710212,39
20170710222,39
20170710232,36
20170711002,34
20170711012,30
20170711022,26
20170711032,20
20170711042,18
20170711052,16
20170711062,15
20170711072,19
20170711082,20
20170711092,21
20170711102,27
20170711112,32
20170711122,37
20170711132,36
20170711142,41
20170711152,40
20170711162,40
20170711172,41
20170711182,41
20170711192,42
20170711202,39
20170711212,39
20170711222,38
20170711232,35
20170712002,35
20170712012,28
20170712022,25
20170712032,22
20170712042,18
20170712052,16
20170712062,16
20170712072,19
20170712082,20
20170712092,21
20170712102,28
20170712112,31
20170712122,38
20170712132,36
20170712142,41
20170712152,42
20170712162,39
20170712172,41
20170712182,40
20170712192,42
20170712202,40
20170712212,37
20170712222,36
20170712232,34
20170713002,35
20170713012,28
20170713022,25
20170713032,20
20170713042,16
20170713052,17
20170713062,15
20170713072,18
20170713082,21
20170713092,21
20170713102,29
20170713112,31
20170713122,39
20170713132,37
20170713142,41
20170713152,40
20170713162,38
20170713172,37
20170713182,38
20170713192,41
20170713202,39
20170713212,36
20170713222,34
20170713232,34
20170714002,33
20170714012,27
20170714022,25
20170714032,20
20170714042,16
20170714052,14
20170714062,15
20170714072,17
20170714082,17
20170714092,22
20170714102,28
20170714112,30
20170714122,35
20170714132,32
20170714142,35
20170714152,35
20170714162,33
20170714172,33
20170714182,34
20170714192,34
20170714202,34
20170714212,31
20170714222,30
20170714232,29
20170715002,29
20170715012,22
20170715022,21
20170715032,15
20170715042,12
20170715052,12
20170715062,12
20170715072,12
20170715082,11
20170715092,13
20170715102,15
20170715112,18
20170715122,18
20170715132,16
20170715142,16
20170715152,16
20170715162,17
20170715172,18
20170715182,19
20170715192,20
20170715202,19
20170715212,18
20170715222,19
20170715232,18
20170716002,18
20170716012,16
20170716022,16
20170716032,14
20170716042,12
20170716052,12
20170716062,11
20170716072,13
20170716082,13
20170716092,13
20170716102,15
20170716112,17
20170716122,17
20170716132,15
20170716142,14
20170716152,16
20170716162,17
20170716172,18
20170716182,19
20170716192,20
20170716202,18
20170716212,19
20170716222,21
20170716232,20
20170717002,17
20170717012,18
20170717022,15
20170717032,12
20170717042,13
20170717052,13
20170717062,14
20170717072,17
20170717082,18
20170717092,20
20170717102,28
20170717112,29
20170717122,36
20170717132,35
20170717142,39
20170717152,40
20170717162,38
20170717172,39
20170717182,40
20170717192,41
20170717202,40
20170717212,40
20170717222,39
20170717232,36
20170718002,34
20170718012,31
20170718022,27
20170718032,21
20170718042,18
20170718052,14
20170718062,17
20170718072,19
20170718082,20
20170718092,22
20170718102,29
20170718112,32
20170718122,38
20170718132,36
20170718142,39
20170718152,39
20170718162,38
20170718172,40
20170718182,41
20170718192,44
20170718202,41
20170718212,40
20170718222,38
20170718232,36
20170719002,34
20170719012,30
20170719022,27
20170719032,23
20170719042,18
20170719052,15
20170719062,17
20170719072,18
20170719082,19
20170719092,21
20170719102,28
20170719112,30
20170719122,38
20170719132,37
20170719142,39
20170719152,40
20170719162,37
20170719172,38
20170719182,40
20170719192,45
20170719202,41
20170719212,37
20170719222,36
20170719232,34
20170720002,35
20170720012,29
20170720022,27
20170720032,21
20170720042,18
20170720052,17
20170720062,16
20170720072,18
20170720082,19
20170720092,21
20170720102,28
20170720112,31
20170720122,37
20170720132,36
20170720142,39
20170720152,39
20170720162,37
20170720172,36
20170720182,39
20170720192,45
20170720202,40
20170720212,36
20170720222,35
20170720232,34
20170721002,32
20170721012,28
20170721022,25
20170721032,21
20170721042,17
20170721052,16
20170721062,17
20170721072,18
20170721082,17
20170721092,20
20170721102,28
20170721112,31
20170721122,35
20170721132,33
20170721142,38
20170721152,37
20170721162,34
20170721172,33
20170721182,33
20170721192,35
20170721202,36
20170721212,32
20170721222,28
20170721232,28
20170722002,28
20170722012,24
20170722022,22
20170722032,15
20170722042,13
20170722052,12
20170722062,11
20170722072,10
20170722082,12
20170722092,14
20170722102,17
20170722112,18
20170722122,17
20170722132,18
20170722142,16
20170722152,16
20170722162,18
20170722172,19
20170722182,20
20170722192,19
20170722202,20
20170722212,20
20170722222,20
20170722232,20
20170723002,20
20170723012,17
20170723022,14
20170723032,14
20170723042,12
20170723052,12
20170723062,11
20170723072,10
20170723082,12
20170723092,14
20170723102,15
20170723112,16
20170723122,15
20170723132,17
20170723142,15
20170723152,15
20170723162,17
20170723172,18
20170723182,19
20170723192,20
20170723202,20
20170723212,21
20170723222,23
20170723232,22
20170724002,22
20170724012,20
20170724022,16
20170724032,15
20170724042,14
20170724052,13
20170724062,14
20170724072,16
20170724082,17
20170724092,18
20170724102,28
20170724112,27
20170724122,33
20170724132,33
20170724142,35
20170724152,35
20170724162,35
20170724172,37
20170724182,38
20170724192,45
20170724202,41
20170724212,36
20170724222,36
20170724232,36
20170725002,32
20170725012,31
20170725022,26
20170725032,22
20170725042,19
20170725052,16
20170725062,16
20170725072,20
20170725082,21
20170725092,20
20170725102,27
20170725112,30
20170725122,32
20170725132,31
20170725142,37
20170725152,37
20170725162,36
20170725172,37
20170725182,40
20170725192,43
20170725202,41
20170725212,35
20170725222,35
20170725232,36
20170726002,33
20170726012,29
20170726022,26
20170726032,22
20170726042,18
20170726052,18
20170726062,17
20170726072,18
20170726082,19
20170726092,21
20170726102,24
20170726112,31
20170726122,32
20170726132,29
20170726142,36
20170726152,36
20170726162,35
20170726172,35
20170726182,39
20170726192,43
20170726202,41
20170726212,35
20170726222,35
20170726232,35
20170727002,34
20170727012,28
20170727022,26
20170727032,22
20170727042,17
20170727052,18
20170727062,17
20170727072,19
20170727082,20
20170727092,21
20170727102,24
20170727112,31
20170727122,34
20170727132,29
20170727142,37
20170727152,38
20170727162,37
20170727172,37
20170727182,40
20170727192,42
20170727202,40
20170727212,34
20170727222,34
20170727232,35
20170728002,33
20170728012,29
20170728022,24
20170728032,22
20170728042,16
20170728052,16
20170728062,17
20170728072,19
20170728082,17
20170728092,19
20170728102,24
20170728112,29
20170728122,34
20170728132,32
20170728142,36
20170728152,34
20170728162,30
20170728172,31
20170728182,33
20170728192,34
20170728202,34
20170728212,31
20170728222,28
20170728232,27
20170729002,28
20170729012,23
20170729022,21
20170729032,15
20170729042,12
20170729052,12
20170729062,11
20170729072,10
20170729082,12
20170729092,12
20170729102,15
20170729112,15
20170729122,16
20170729132,17
20170729142,16
20170729152,16
20170729162,18
20170729172,19
20170729182,20
20170729192,20
20170729202,20
20170729212,20
20170729222,20
20170729232,22
20170730002,20
20170730012,18
20170730022,16
20170730032,14
20170730042,12
20170730052,12
20170730062,13
20170730072,12
20170730082,13
20170730092,12
20170730102,14
20170730112,15
20170730122,15
20170730132,17
20170730142,15
20170730152,16
20170730162,17
20170730172,18
20170730182,20
20170730192,20
20170730202,19
20170730212,20
20170730222,21
20170730232,20
20170731002,21
20170731012,19
20170731022,15
20170731032,14
20170731042,11
20170731052,13
20170731062,13
20170731072,16
20170731082,17
20170731092,19
20170731102,25
20170731112,25
20170731122,31
20170731132,29
20170731142,33
20170731152,33
20170731162,34
20170731172,36
20170731182,38
20170731192,41
20170731202,40
20170731212,34
20170731222,34
20170731232,35
20170801002,30
20170801012,30
20170801022,25
20170801032,21
20170801042,18
20170801052,16
20170801062,17
20170801072,19
20170801082,19
20170801092,22
20170801102,25
20170801112,29
20170801122,32
20170801132,31
20170801142,33
20170801152,32
20170801162,32
20170801172,32
20170801182,33
20170801192,35
20170801202,36
20170801212,34
20170801222,31
20170801232,32
20170802002,30
20170802012,28
20170802022,24
20170802032,22
20170802042,18
20170802052,17
20170802062,17
20170802072,19
20170802082,21
20170802092,19
20170802102,26
20170802112,29
20170802122,33
20170802132,32
20170802142,34
20170802152,33
20170802162,33
20170802172,34
20170802182,35
20170802192,37
20170802202,37
20170802212,35
20170802222,31
20170802232,31
20170803002,31
20170803012,28
20170803022,23
20170803032,21
20170803042,18
20170803052,17
20170803062,18
20170803072,18
20170803082,21
20170803092,19
20170803102,26
20170803112,28
20170803122,32
20170803132,32
20170803142,35
20170803152,35
20170803162,34
20170803172,34
20170803182,35
20170803192,38
20170803202,38
20170803212,35
20170803222,31
20170803232,31
20170804002,31
20170804012,29
20170804022,24
20170804032,19
20170804042,17
20170804052,16
20170804062,17
20170804072,18
20170804082,16
20170804092,19
20170804102,26
20170804112,26
20170804122,29
20170804132,28
20170804142,31
20170804152,32
20170804162,31
20170804172,31
20170804182,32
20170804192,32
20170804202,33
20170804212,31
20170804222,29
20170804232,26
20170805002,28
20170805012,25
20170805022,22
20170805032,17
20170805042,13
20170805052,12
20170805062,10
20170805072,11
20170805082,12
20170805092,12
20170805102,17
20170805112,19
20170805122,17
20170805132,16
20170805142,14
20170805152,14
20170805162,19
20170805172,19
20170805182,18
20170805192,19
20170805202,18
20170805212,17
20170805222,18
20170805232,18
20170806002,15
20170806012,15
20170806022,13
20170806032,14
20170806042,13
20170806052,11
20170806062,10
20170806072,11
20170806082,13
20170806092,13
20170806102,15
20170806112,18
20170806122,16
20170806132,15
20170806142,16
20170806152,16
20170806162,20
20170806172,20
20170806182,18
20170806192,20
20170806202,18
20170806212,19
20170806222,20
20170806232,20
20170807002,20
20170807012,20
20170807022,17
20170807032,15
20170807042,14
20170807052,14
20170807062,14
20170807072,18
20170807082,20
20170807092,21
20170807102,26
20170807112,30
20170807122,34
20170807132,34
20170807142,41
20170807152,41
20170807162,39
20170807172,38
20170807182,39
20170807192,40
20170807202,39
20170807212,38
20170807222,38
20170807232,38
20170808002,37
20170808012,31
20170808022,26
20170808032,21
20170808042,17
20170808052,17
20170808062,16
20170808072,19
20170808082,21
20170808092,21
20170808102,27
20170808112,31
20170808122,37
20170808132,35
20170808142,41
20170808152,39
20170808162,39
20170808172,38
20170808182,40
20170808192,41
20170808202,40
20170808212,38
20170808222,37
20170808232,38
20170809002,35
20170809012,28
20170809022,25
20170809032,23
20170809042,17
20170809052,16
20170809062,16
20170809072,19
20170809082,21
20170809092,21
20170809102,26
20170809112,30
20170809122,38
20170809132,36
20170809142,41
20170809152,39
20170809162,38
20170809172,38
20170809182,39
20170809192,42
20170809202,41
20170809212,36
20170809222,35
20170809232,35
20170810002,35
20170810012,28
20170810022,25
20170810032,21
20170810042,17
20170810052,16
20170810062,16
20170810072,19
20170810082,21
20170810092,20
20170810102,27
20170810112,30
20170810122,36
20170810132,33
20170810142,41
20170810152,37
20170810162,36
20170810172,34
20170810182,36
20170810192,42
20170810202,40
20170810212,34
20170810222,33
20170810232,33
20170811002,32
20170811012,27
20170811022,25
20170811032,20
20170811042,17
20170811052,14
20170811062,15
20170811072,18
20170811082,17
20170811092,21
20170811102,26
20170811112,29
20170811122,32
20170811132,31
20170811142,33
20170811152,33
20170811162,32
20170811172,32
20170811182,33
20170811192,35
20170811202,33
20170811212,31
20170811222,30
20170811232,29
20170812002,29
20170812012,24
20170812022,22
20170812032,16
20170812042,13
20170812052,14
20170812062,12
20170812072,12
20170812082,12
20170812092,13
20170812102,15
20170812112,19
20170812122,18
20170812132,17
20170812142,17
20170812152,16
20170812162,18
20170812172,18
20170812182,20
20170812192,20
20170812202,18
20170812212,18
20170812222,18
20170812232,18
20170813002,17
20170813012,16
20170813022,15
20170813032,14
20170813042,12
20170813052,13
20170813062,12
20170813072,13
20170813082,13
20170813092,13
20170813102,15
20170813112,18
20170813122,17
20170813132,17
20170813142,17
20170813152,18
20170813162,18
20170813172,19
20170813182,20
20170813192,22
20170813202,19
20170813212,20
20170813222,22
20170813232,21
20170814002,18
20170814012,17
20170814022,15
20170814032,13
20170814042,13
20170814052,12
20170814062,14
20170814072,17
20170814082,19
20170814092,21
20170814102,28
20170814112,30
20170814122,37
20170814132,36
20170814142,41
20170814152,42
20170814162,40
20170814172,41
20170814182,40
20170814192,42
20170814202,39
20170814212,39
20170814222,39
20170814232,35
20170815002,35
20170815012,30
20170815022,26
20170815032,21
20170815042,18
20170815052,17
20170815062,15
20170815072,18
20170815082,20
20170815092,23
20170815102,29
20170815112,32
20170815122,38
20170815132,36
20170815142,41
20170815152,40
20170815162,39
20170815172,40
20170815182,40
20170815192,41
20170815202,39
20170815212,39
20170815222,37
20170815232,34
20170816002,34
20170816012,28
20170816022,26
20170816032,23
20170816042,18
20170816052,15
20170816062,15
20170816072,18
20170816082,20
20170816092,23
20170816102,28
20170816112,32
20170816122,38
20170816132,36
20170816142,40
20170816152,41
20170816162,38
20170816172,37
20170816182,39
20170816192,41
20170816202,40
20170816212,37
20170816222,35
20170816232,34
20170817002,35
20170817012,27
20170817022,26
20170817032,20
20170817042,18
20170817052,16
20170817062,15
20170817072,17
20170817082,19
20170817092,23
20170817102,28
20170817112,31
20170817122,36
20170817132,34
20170817142,40
20170817152,40
20170817162,37
20170817172,35
20170817182,38
20170817192,40
20170817202,39
20170817212,36
20170817222,35
20170817232,34
20170818002,32
20170818012,26
20170818022,25
20170818032,20
20170818042,17
20170818052,15
20170818062,16
20170818072,18
20170818082,17
20170818092,22
20170818102,28
20170818112,31
20170818122,36
20170818132,33
20170818142,37
20170818152,36
20170818162,35
20170818172,34
20170818182,35
20170818192,34
20170818202,36
20170818212,33
20170818222,29
20170818232,29
20170819002,28
20170819012,23
20170819022,22
20170819032,15
20170819042,14
20170819052,13
20170819062,11
20170819072,11
20170819082,12
20170819092,14
20170819102,17
20170819112,18
20170819122,17
20170819132,16
20170819142,16
20170819152,15
20170819162,18
20170819172,19
20170819182,21
20170819192,21
20170819202,22
20170819212,22
20170819222,22
20170819232,21
20170820002,19
20170820012,16
20170820022,15
20170820032,14
20170820042,12
20170820052,12
20170820062,11
20170820072,10
20170820082,12
20170820092,13
20170820102,18
20170820112,18
20170820122,18
20170820132,17
20170820142,16
20170820152,16
20170820162,18
20170820172,18
20170820182,20
20170820192,21
20170820202,21
20170820212,22
20170820222,23
20170820232,22
20170821002,20
20170821012,20
20170821022,16
20170821032,14
20170821042,15
20170821052,14
20170821062,16
20170821072,16
20170821082,16
20170821092,18
20170821102,28
20170821112,27
20170821122,36
20170821132,36
20170821142,38
20170821152,38
20170821162,37
20170821172,39
20170821182,40
20170821192,46
20170821202,41
20170821212,38
20170821222,38
20170821232,36
20170822002,34
20170822012,32
20170822022,27
20170822032,22
20170822042,18
20170822052,16
20170822062,16
20170822072,19
20170822082,19
20170822092,20
20170822102,29
20170822112,31
20170822122,37
20170822132,37
20170822142,40
20170822152,39
20170822162,37
20170822172,39
20170822182,41
20170822192,47
20170822202,42
20170822212,38
20170822222,37
20170822232,35
20170823002,34
20170823012,30
20170823022,26
20170823032,23
20170823042,17
20170823052,16
20170823062,17
20170823072,18
20170823082,19
20170823092,20
20170823102,28
20170823112,32
20170823122,37
20170823132,36
20170823142,39
20170823152,39
20170823162,36
20170823172,37
20170823182,40
20170823192,46
20170823202,42
20170823212,36
20170823222,36
20170823232,33
20170824002,35
20170824012,28
20170824022,26
20170824032,22
20170824042,17
20170824052,17
20170824062,16
20170824072,17
20170824082,20
20170824092,21
20170824102,27
20170824112,33
20170824122,36
20170824132,35
20170824142,39
20170824152,39
20170824162,36
20170824172,37
20170824182,39
20170824192,45
20170824202,40
20170824212,35
20170824222,35
20170824232,33
20170825002,32
20170825012,28
20170825022,24
20170825032,22
20170825042,17
20170825052,16
20170825062,16
20170825072,18
20170825082,17
20170825092,19
20170825102,26
20170825112,30
20170825122,34
20170825132,33
20170825142,37
20170825152,36
20170825162,31
20170825172,32
20170825182,33
20170825192,34
20170825202,35
20170825212,32
20170825222,28
20170825232,28
20170826002,28
20170826012,23
20170826022,21
20170826032,15
20170826042,12
20170826052,11
20170826062,11
20170826072,10
20170826082,12
20170826092,13
20170826102,15
20170826112,15
20170826122,15
20170826132,17
20170826142,15
20170826152,16
20170826162,17
20170826172,19
20170826182,19
20170826192,18
20170826202,19
20170826212,19
20170826222,19
20170826232,19
20170827002,20
20170827012,17
20170827022,14
20170827032,14
20170827042,11
20170827052,11
20170827062,11
20170827072,9
20170827082,11
20170827092,12
20170827102,14
20170827112,15
20170827122,15
20170827132,17
20170827142,15
20170827152,16
20170827162,17
20170827172,18
20170827182,18
20170827192,20
20170827202,20
20170827212,21
20170827222,21
20170827232,21
20170828002,21
20170828012,19
20170828022,15
20170828032,14
20170828042,12
20170828052,13
20170828062,13
20170828072,16
20170828082,17
20170828092,18
20170828102,25
20170828112,25
20170828122,30
20170828132,28
20170828142,32
20170828152,33
20170828162,34
20170828172,35
20170828182,38
20170828192,42
20170828202,40
20170828212,35
20170828222,35
20170828232,36
20170829002,34
20170829012,29
20170829022,26
20170829032,23
20170829042,17
20170829052,14
20170829062,16
20170829072,20
20170829082,19
20170829092,21
20170829102,24
20170829112,29
20170829122,34
20170829132,29
20170829142,37
20170829152,38
20170829162,37
20170829172,38
20170829182,41
20170829192,42
20170829202,41
20170829212,34
20170829222,33
20170829232,35
20170830002,34
20170830012,28
20170830022,25
20170830032,22
20170830042,17
20170830052,14
20170830062,15
20170830072,20
20170830082,20
20170830092,22
20170830102,25
20170830112,30
20170830122,35
20170830132,29
20170830142,36
20170830152,37
20170830162,36
20170830172,37
20170830182,40
20170830192,42
20170830202,41
20170830212,34
20170830222,34
20170830232,35
20170831002,35
20170831012,27
20170831022,26
20170831032,22
20170831042,16
20170831052,15
20170831062,17
20170831072,20
20170831082,20
20170831092,20
20170831102,25
20170831112,28
20170831122,34
20170831132,29
20170831142,36
20170831152,36
20170831162,36
20170831172,37
20170831182,40
20170831192,41
20170831202,40
20170831212,34
20170831222,33
20170831232,35
20170901002,29
20170901012,28
20170901022,24
20170901032,20
20170901042,17
20170901052,15
20170901062,17
20170901072,16
20170901082,16
20170901092,21
20170901102,26
20170901112,26
20170901122,30
20170901132,29
20170901142,32
20170901152,33
20170901162,32
20170901172,32
20170901182,32
20170901192,33
20170901202,34
20170901212,33
20170901222,28
20170901232,25
20170902002,27
20170902012,26
20170902022,21
20170902032,17
20170902042,13
20170902052,13
20170902062,13
20170902072,13
20170902082,13
20170902092,16
20170902102,19
20170902112,17
20170902122,17
20170902132,16
20170902142,16
20170902152,16
20170902162,15
20170902172,15
20170902182,21
20170902192,20
20170902202,20
20170902212,21
20170902222,21
20170902232,21
20170903002,15
20170903012,15
20170903022,14
20170903032,15
20170903042,12
20170903052,12
20170903062,12
20170903072,13
20170903082,13
20170903092,15
20170903102,17
20170903112,19
20170903122,16
20170903132,16
20170903142,16
20170903152,17
20170903162,19
20170903172,18
20170903182,18
20170903192,20
20170903202,18
20170903212,18
20170903222,19
20170903232,19
20170904002,22
20170904012,21
20170904022,16
20170904032,16
20170904042,14
20170904052,14
20170904062,14
20170904072,18
20170904082,20
20170904092,19
20170904102,24
20170904112,29
20170904122,30
20170904132,30
20170904142,32
20170904152,31
20170904162,31
20170904172,30
20170904182,30
20170904192,33
20170904202,34
20170904212,34
20170904222,32
20170904232,34
20170905002,34
20170905012,30
20170905022,25
20170905032,21
20170905042,18
20170905052,17
20170905062,17
20170905072,21
20170905082,21
20170905092,18
20170905102,25
20170905112,31
20170905122,31
20170905132,31
20170905142,33
20170905152,33
20170905162,32
20170905172,32
20170905182,33
20170905192,35
20170905202,35
20170905212,34
20170905222,32
20170905232,34
20170906002,36
20170906012,27
20170906022,24
20170906032,22
20170906042,17
20170906052,17
20170906062,17
20170906072,20
20170906082,21
20170906092,19
20170906102,27
20170906112,30
20170906122,37
20170906132,36
20170906142,41
20170906152,40
20170906162,39
20170906172,37
20170906182,39
20170906192,41
20170906202,40
20170906212,37
20170906222,36
20170906232,37
20170907002,37
20170907012,28
20170907022,25
20170907032,21
20170907042,16
20170907052,17
20170907062,16
20170907072,19
20170907082,22
20170907092,19
20170907102,27
20170907112,31
20170907122,37
20170907132,34
20170907142,41
20170907152,38
20170907162,37
20170907172,34
20170907182,37
20170907192,41
20170907202,40
20170907212,35
20170907222,34
20170907232,35
20170908002,35
20170908012,28
20170908022,25
20170908032,20
20170908042,17
20170908052,17
20170908062,18
20170908072,18
20170908082,16
20170908092,21
20170908102,26
20170908112,29
20170908122,33
20170908132,31
20170908142,33
20170908152,33
20170908162,32
20170908172,32
20170908182,33
20170908192,35
20170908202,33
20170908212,31
20170908222,30
20170908232,29
20170909002,28
20170909012,25
20170909022,22
20170909032,16
20170909042,13
20170909052,13
20170909062,12
20170909072,11
20170909082,12
20170909092,14
20170909102,17
20170909112,19
20170909122,19
20170909132,17
20170909142,15
20170909152,16
20170909162,19
20170909172,19
20170909182,19
20170909192,19
20170909202,18
20170909212,17
20170909222,19
20170909232,17
20170910002,18
20170910012,16
20170910022,14
20170910032,14
20170910042,13
20170910052,12
20170910062,11
20170910072,12
20170910082,13
20170910092,13
20170910102,15
20170910112,18
20170910122,17
20170910132,16
20170910142,16
20170910152,17
20170910162,18
20170910172,19
20170910182,20
20170910192,22
20170910202,18
20170910212,19
20170910222,22
20170910232,21
20170911002,19
20170911012,18
20170911022,17
20170911032,14
20170911042,13
20170911052,14
20170911062,14
20170911072,16
20170911082,18
20170911092,23
20170911102,26
20170911112,30
20170911122,33
20170911132,33
20170911142,41
20170911152,43
20170911162,40
20170911172,40
20170911182,40
20170911192,41
20170911202,38
20170911212,39
20170911222,39
20170911232,36
20170912002,35
20170912012,30
20170912022,26
20170912032,21
20170912042,18
20170912052,16
20170912062,16
20170912072,19
20170912082,20
20170912092,21
20170912102,28
20170912112,32
20170912122,37
20170912132,36
20170912142,41
20170912152,41
20170912162,41
20170912172,42
20170912182,41
20170912192,42
20170912202,39
20170912212,40
20170912222,38
20170912232,35
20170913002,35
20170913012,28
20170913022,25
20170913032,22
20170913042,18
20170913052,16
20170913062,16
20170913072,19
20170913082,21
20170913092,21
20170913102,28
20170913112,32
20170913122,41
20170913132,39
20170913142,41
20170913152,41
20170913162,40
20170913172,42
20170913182,40
20170913192,43
20170913202,40
20170913212,37
20170913222,36
20170913232,34
20170914002,35
20170914012,28
20170914022,25
20170914032,21
20170914042,16
20170914052,16
20170914062,15
20170914072,17
20170914082,20
20170914092,23
20170914102,29
20170914112,31
20170914122,38
20170914132,36
20170914142,41
20170914152,41
20170914162,37
20170914172,35
20170914182,37
20170914192,41
20170914202,39
20170914212,36
20170914222,34
20170914232,34
20170915002,32
20170915012,27
20170915022,24
20170915032,20
20170915042,17
20170915052,14
20170915062,15
20170915072,17
20170915082,17
20170915092,22
20170915102,28
20170915112,30
20170915122,36
20170915132,33
20170915142,37
20170915152,36
20170915162,34
20170915172,34
20170915182,35
20170915192,34
20170915202,35
20170915212,32
20170915222,29
20170915232,29
20170916002,29
20170916012,22
20170916022,21
20170916032,15
20170916042,13
20170916052,14
20170916062,13
20170916072,13
20170916082,13
20170916092,13
20170916102,16
20170916112,18
20170916122,18
20170916132,16
20170916142,16
20170916152,15
20170916162,17
20170916172,18
20170916182,20
20170916192,20
20170916202,19
20170916212,18
20170916222,19
20170916232,18
20170917002,18
20170917012,16
20170917022,16
20170917032,14
20170917042,13
20170917052,13
20170917062,11
20170917072,12
20170917082,13
20170917092,14
20170917102,17
20170917112,18
20170917122,17
20170917132,16
20170917142,15
20170917152,15
20170917162,18
20170917172,17
20170917182,19
20170917192,20
20170917202,17
20170917212,19
20170917222,21
20170917232,20
20170918002,17
20170918012,18
20170918022,15
20170918032,12
20170918042,13
20170918052,13
20170918062,14
20170918072,17
20170918082,18
20170918092,20
20170918102,28
20170918112,28
20170918122,37
20170918132,35
20170918142,39
20170918152,39
20170918162,38
20170918172,40
20170918182,41
20170918192,43
20170918202,41
20170918212,40
20170918222,39
20170918232,36
20170919002,34
20170919012,33
20170919022,28
20170919032,21
20170919042,18
20170919052,15
20170919062,17
20170919072,18
20170919082,20
20170919092,21
20170919102,29
20170919112,31
20170919122,38
20170919132,36
20170919142,39
20170919152,39
20170919162,38
20170919172,40
20170919182,41
20170919192,45
20170919202,41
20170919212,40
20170919222,38
20170919232,36
20170920002,34
20170920012,30
20170920022,27
20170920032,22
20170920042,18
20170920052,15
20170920062,17
20170920072,18
20170920082,19
20170920092,21
20170920102,29
20170920112,31
20170920122,38
20170920132,37
20170920142,39
20170920152,39
20170920162,37
20170920172,38
20170920182,40
20170920192,46
20170920202,42
20170920212,37
20170920222,36
20170920232,34
20170921002,35
20170921012,29
20170921022,26
20170921032,21
20170921042,18
20170921052,17
20170921062,16
20170921072,18
20170921082,19
20170921092,20
20170921102,28
20170921112,32
20170921122,37
20170921132,36
20170921142,39
20170921152,39
20170921162,36
20170921172,36
20170921182,39
20170921192,45
20170921202,40
20170921212,36
20170921222,35
20170921232,33
20170922002,32
20170922012,28
20170922022,25
20170922032,22
20170922042,17
20170922052,16
20170922062,16
20170922072,18
20170922082,17
20170922092,19
20170922102,27
20170922112,31
20170922122,35
20170922132,33
20170922142,39
20170922152,38
20170922162,35
20170922172,33
20170922182,33
20170922192,35
20170922202,36
20170922212,32
20170922222,28
20170922232,29
20170923002,28
20170923012,24
20170923022,22
20170923032,15
20170923042,13
20170923052,12
20170923062,11
20170923072,10
20170923082,12
20170923092,14
20170923102,15
20170923112,16
20170923122,15
20170923132,17
20170923142,15
20170923152,15
20170923162,17
20170923172,19
20170923182,20
20170923192,20
20170923202,20
20170923212,20
20170923222,21
20170923232,21
20170924002,20
20170924012,18
20170924022,15
20170924032,14
20170924042,11
20170924052,11
20170924062,11
20170924072,9
20170924082,12
20170924092,13
20170924102,15
20170924112,16
20170924122,15
20170924132,17
20170924142,15
20170924152,15
20170924162,17
20170924172,18
20170924182,18
20170924192,20
20170924202,20
20170924212,21
20170924222,22
20170924232,21
20170925002,22
20170925012,20
20170925022,16
20170925032,14
20170925042,13
20170925052,13
20170925062,14
20170925072,16
20170925082,17
20170925092,18
20170925102,27
20170925112,26
20170925122,28
20170925132,29
20170925142,31
20170925152,32
20170925162,33
20170925172,34
20170925182,37
20170925192,42
20170925202,41
20170925212,35
20170925222,36
20170925232,37
20170926002,33
20170926012,31
20170926022,26
20170926032,22
20170926042,19
20170926052,17
20170926062,17
20170926072,20
20170926082,19
20170926092,20
20170926102,24
20170926112,29
20170926122,31
20170926132,30
20170926142,36
20170926152,37
20170926162,35
20170926172,36
20170926182,40
20170926192,43
20170926202,41
20170926212,35
20170926222,35
20170926232,36
20170927002,33
20170927012,30
20170927022,26
20170927032,22
20170927042,18
20170927052,18
20170927062,17
20170927072,19
20170927082,19
20170927092,21
20170927102,24
20170927112,31
20170927122,34
20170927132,29
20170927142,38
20170927152,38
20170927162,36
20170927172,36
20170927182,40
20170927192,43
20170927202,41
20170927212,35
20170927222,34
20170927232,35
20170928002,35
20170928012,28
20170928022,26
20170928032,23
20170928042,17
20170928052,17
20170928062,17
20170928072,20
20170928082,20
20170928092,22
20170928102,24
20170928112,30
20170928122,35
20170928132,29
20170928142,36
20170928152,36
20170928162,36
20170928172,37
20170928182,39
20170928192,42
20170928202,40
20170928212,35
20170928222,34
20170928232,35
20170929002,33
20170929012,28
20170929022,24
20170929032,23
20170929042,15
20170929052,15
20170929062,17
20170929072,19
20170929082,17
20170929092,19
20170929102,24
20170929112,27
20170929122,34
20170929132,32
20170929142,36
20170929152,34
20170929162,30
20170929172,32
20170929182,33
20170929192,34
20170929202,34
20170929212,31
20170929222,29
20170929232,27
20170930002,28
20170930012,23
20170930022,21
20170930032,15
20170930042,12
20170930052,13
20170930062,13
20170930072,12
20170930082,13
20170930092,12
20170930102,15
20170930112,15
20170930122,15
20170930132,17
20170930142,15
20170930152,16
20170930162,17
20170930172,19
20170930182,22
20170930192,19
20170930202,19
20170930212,20
20170930222,20
20170930232,22
20171001002,15
20171001012,15
20171001022,14
20171001032,15
20171001042,13
20171001052,13
20171001062,12
20171001072,12
20171001082,13
20171001092,16
20171001102,18
20171001112,17
20171001122,16
20171001132,16
20171001142,16
20171001152,16
20171001162,15
20171001172,15
20171001182,20
20171001192,20
20171001202,20
20171001212,21
20171001222,21
20171001232,21
20171002002,22
20171002012,22
20171002022,17
20171002032,16
20171002042,14
20171002052,14
20171002062,14
20171002072,18
20171002082,19
20171002092,20
20171002102,25
20171002112,27
20171002122,28
20171002132,27
20171002142,28
20171002152,28
20171002162,28
20171002172,28
20171002182,28
20171002192,32
20171002202,32
20171002212,32
20171002222,31
20171002232,32
20171003002,31
20171003012,30
20171003022,23
20171003032,21
20171003042,19
20171003052,17
20171003062,18
20171003072,21
20171003082,20
20171003092,19
20171003102,25
20171003112,30
20171003122,32
20171003132,32
20171003142,33
20171003152,33
20171003162,32
20171003172,33
20171003182,34
20171003192,36
20171003202,36
20171003212,34
20171003222,32
20171003232,33
20171004002,33
20171004012,28
20171004022,24
20171004032,21
20171004042,18
20171004052,18
20171004062,18
20171004072,20
20171004082,22
20171004092,19
20171004102,26
20171004112,29
20171004122,32
20171004132,32
20171004142,34
20171004152,34
20171004162,33
20171004172,34
20171004182,35
20171004192,37
20171004202,37
20171004212,35
20171004222,33
20171004232,33
20171005002,35
20171005012,28
20171005022,25
20171005032,21
20171005042,18
20171005052,17
20171005062,17
20171005072,19
20171005082,22
20171005092,19
20171005102,26
20171005112,29
20171005122,31
20171005132,30
20171005142,34
20171005152,35
20171005162,34
20171005172,33
20171005182,35
20171005192,38
20171005202,37
20171005212,34
20171005222,32
20171005232,32
20171006002,34
20171006012,28
20171006022,25
20171006032,20
20171006042,17
20171006052,16
20171006062,17
20171006072,18
20171006082,16
20171006092,19
20171006102,26
20171006112,29
20171006122,32
20171006132,31
20171006142,33
20171006152,33
20171006162,32
20171006172,32
20171006182,33
20171006192,34
20171006202,32
20171006212,31
20171006222,29
20171006232,28
20171007002,28
20171007012,25
20171007022,22
20171007032,16
20171007042,13
20171007052,12
20171007062,11
20171007072,11
20171007082,12
20171007092,13
20171007102,16
20171007112,18
20171007122,18
20171007132,16
20171007142,15
20171007152,15
20171007162,20
20171007172,20
20171007182,19
20171007192,20
20171007202,18
20171007212,18
20171007222,19
20171007232,19
20171008002,17
20171008012,16
20171008022,13
20171008032,14
20171008042,13
20171008052,11
20171008062,11
20171008072,12
20171008082,13
20171008092,12
20171008102,15
20171008112,17
20171008122,17
20171008132,16
20171008142,16
20171008152,17
20171008162,19
20171008172,20
20171008182,19
20171008192,21
20171008202,18
20171008212,19
20171008222,22
20171008232,21
20171009002,20
20171009012,19
20171009022,17
20171009032,15
20171009042,14
20171009052,14
20171009062,15
20171009072,18
20171009082,19
20171009092,23
20171009102,26
20171009112,30
20171009122,33
20171009132,33
20171009142,41
20171009152,41
20171009162,39
20171009172,38
20171009182,39
20171009192,41
20171009202,39
20171009212,38
20171009222,38
20171009232,38
20171010002,35
20171010012,30
20171010022,26
20171010032,21
20171010042,17
20171010052,16
20171010062,16
20171010072,19
20171010082,21
20171010092,21
20171010102,27
20171010112,31
20171010122,37
20171010132,35
20171010142,41
20171010152,39
20171010162,40
20171010172,39
20171010182,40
20171010192,41
20171010202,39
20171010212,39
20171010222,38
20171010232,35
20171011002,34
20171011012,28
20171011022,25
20171011032,22
20171011042,18
20171011052,16
20171011062,15
20171011072,19
20171011082,20
20171011092,21
20171011102,27
20171011112,31
20171011122,38
20171011132,36
20171011142,41
20171011152,40
20171011162,39
20171011172,39
20171011182,40
20171011192,42
20171011202,40
20171011212,36
20171011222,35
20171011232,34
20171012002,35
20171012012,27
20171012022,25
20171012032,20
20171012042,17
20171012052,16
20171012062,15
20171012072,18
20171012082,20
20171012092,21
20171012102,28
20171012112,30
20171012122,36
20171012132,34
20171012142,41
20171012152,40
20171012162,38
20171012172,36
20171012182,38
20171012192,41
20171012202,39
20171012212,36
20171012222,35
20171012232,34
20171013002,33
20171013012,27
20171013022,25
20171013032,20
20171013042,16
20171013052,14
20171013062,15
20171013072,18
20171013082,17
20171013092,21
20171013102,28
20171013112,30
20171013122,35
20171013132,32
20171013142,35
20171013152,35
20171013162,33
20171013172,33
20171013182,34
20171013192,34
20171013202,34
20171013212,31
20171013222,30
20171013232,29
20171014002,29
20171014012,23
20171014022,22
20171014032,16
20171014042,13
20171014052,13
20171014062,12
20171014072,13
20171014082,11
20171014092,13
20171014102,17
20171014112,19
20171014122,19
20171014132,17
20171014142,18
20171014152,17
20171014162,18
20171014172,19
20171014182,20
20171014192,20
20171014202,18
20171014212,18
20171014222,19
20171014232,18
20171015002,18
20171015012,16
20171015022,16
20171015032,14
20171015042,11
20171015052,11
20171015062,10
20171015072,12
20171015082,10
20171015092,12
20171015102,14
20171015112,16
20171015122,16
20171015132,15
20171015142,14
20171015152,16
20171015162,18
20171015172,18
20171015182,20
20171015192,22
20171015202,19
20171015212,19
20171015222,22
20171015232,21
20171016002,17
20171016012,18
20171016022,15
20171016032,12
20171016042,13
20171016052,12
20171016062,14
20171016072,17
20171016082,19
20171016092,21
20171016102,28
20171016112,30
20171016122,37
20171016132,36
20171016142,40
20171016152,41
20171016162,39
20171016172,40
20171016182,40
20171016192,41
20171016202,39
20171016212,39
20171016222,39
20171016232,36
20171017002,34
20171017012,31
20171017022,27
20171017032,21
20171017042,19
20171017052,14
20171017062,15
20171017072,18
20171017082,20
20171017092,22
20171017102,29
20171017112,32
20171017122,38
20171017132,36
20171017142,40
20171017152,40
20171017162,38
20171017172,40
20171017182,40
20171017192,41
20171017202,40
20171017212,40
20171017222,38
20171017232,35
20171018002,34
20171018012,29
20171018022,26
20171018032,23
20171018042,18
20171018052,14
20171018062,16
20171018072,18
20171018082,19
20171018092,22
20171018102,28
20171018112,31
20171018122,38
20171018132,37
20171018142,39
20171018152,40
20171018162,37
20171018172,38
20171018182,40
20171018192,44
20171018202,41
20171018212,37
20171018222,36
20171018232,34
20171019002,35
20171019012,28
20171019022,26
20171019032,20
20171019042,17
20171019052,17
20171019062,16
20171019072,18
20171019082,19
20171019092,22
20171019102,28
20171019112,31
20171019122,37
20171019132,36
20171019142,39
20171019152,39
20171019162,37
20171019172,36
20171019182,39
20171019192,43
20171019202,40
20171019212,36
20171019222,35
20171019232,34
20171020002,32
20171020012,28
20171020022,25
20171020032,21
20171020042,17
20171020052,16
20171020062,17
20171020072,18
20171020082,17
20171020092,21
20171020102,28
20171020112,31
20171020122,35
20171020132,33
20171020142,38
20171020152,37
20171020162,34
20171020172,33
20171020182,33
20171020192,35
20171020202,36
20171020212,32
20171020222,28
20171020232,28
20171021002,28
20171021012,24
20171021022,22
20171021032,15
20171021042,14
20171021052,12
20171021062,11
20171021072,10
20171021082,12
20171021092,15
20171021102,18
20171021112,19
20171021122,18
20171021132,17
20171021142,17
20171021152,16
20171021162,18
20171021172,20
20171021182,21
20171021192,21
20171021202,23
20171021212,24
20171021222,24
20171021232,23
20171022002,19
20171022012,17
20171022022,14
20171022032,14
20171022042,12
20171022052,12
20171022062,11
20171022072,10
20171022082,13
20171022092,14
20171022102,17
20171022112,17
20171022122,17
20171022132,17
20171022142,16
20171022152,16
20171022162,18
20171022172,18
20171022182,19
20171022192,20
20171022202,20
20171022212,21
20171022222,22
20171022232,22
20171023002,22
20171023012,21
20171023022,15
20171023032,14
20171023042,14
20171023052,13
20171023062,15
20171023072,16
20171023082,16
20171023092,18
20171023102,28
20171023112,27
20171023122,34
20171023132,34
20171023142,36
20171023152,36
20171023162,35
20171023172,37
20171023182,39
20171023192,45
20171023202,41
20171023212,37
20171023222,37
20171023232,36
20171024002,33
20171024012,31
20171024022,26
20171024032,22
20171024042,18
20171024052,16
20171024062,17
20171024072,19
20171024082,20
20171024092,21
20171024102,28
20171024112,31
20171024122,35
20171024132,35
20171024142,38
20171024152,39
20171024162,36
20171024172,38
20171024182,41
20171024192,46
20171024202,41
20171024212,36
20171024222,36
20171024232,35
20171025002,33
20171025012,29
20171025022,26
20171025032,22
20171025042,18
20171025052,16
20171025062,16
20171025072,18
20171025082,20
20171025092,21
20171025102,27
20171025112,33
20171025122,33
20171025132,31
20171025142,37
20171025152,37
20171025162,35
20171025172,35
20171025182,39
20171025192,43
20171025202,41
20171025212,35
20171025222,35
20171025232,35
20171026002,34
20171026012,28
20171026022,26
20171026032,22
20171026042,17
20171026052,18
20171026062,17
20171026072,19
20171026082,20
20171026092,21
20171026102,24
20171026112,31
20171026122,32
20171026132,29
20171026142,36
20171026152,36
20171026162,35
20171026172,36
20171026182,39
20171026192,42
20171026202,40
20171026212,35
20171026222,34
20171026232,35
20171027002,32
20171027012,28
20171027022,24
20171027032,22
20171027042,16
20171027052,17
20171027062,17
20171027072,19
20171027082,17
20171027092,19
20171027102,24
20171027112,30
20171027122,34
20171027132,32
20171027142,36
20171027152,34
20171027162,30
20171027172,31
20171027182,33
20171027192,34
20171027202,34
20171027212,31
20171027222,28
20171027232,27
20171028002,28
20171028012,23
20171028022,21
20171028032,15
20171028042,12
20171028052,11
20171028062,11
20171028072,10
20171028082,12
20171028092,12
20171028102,15
20171028112,15
20171028122,16
20171028132,18
20171028142,16
20171028152,16
20171028162,18
20171028172,19
20171028182,19
20171028192,19
20171028202,19
20171028212,19
20171028222,20
20171028232,20
20171029002,20
20171029012,17
20171029022,14
20171029032,14
20171029042,11
20171029052,11
20171029062,11
20171029072,10
20171029082,11
20171029092,11
20171029102,14
20171029112,15
20171029122,16
20171029132,17
20171029142,16
20171029152,16
20171029162,18
20171029172,18
20171029182,19
20171029192,21
20171029202,20
20171029212,21
20171029222,21
20171029232,21
20171030002,21
20171030012,19
20171030022,15
20171030032,14
20171030042,11
20171030052,13
20171030062,13
20171030072,16
20171030082,17
20171030092,19
20171030102,25
20171030112,25
20171030122,31
20171030132,29
20171030142,33
20171030152,33
20171030162,34
20171030172,36
20171030182,38
20171030192,41
20171030202,40
20171030212,34
20171030222,34
20171030232,35
20171031002,34
20171031012,29
20171031022,26
20171031032,21
20171031042,17
20171031052,14
20171031062,15
20171031072,19
20171031082,20
20171031092,20
20171031102,25
20171031112,30
20171031122,34
20171031132,30
20171031142,37
20171031152,38
20171031162,37
20171031172,38
20171031182,40
20171031192,42
20171031202,41
20171031212,34
20171031222,33
20171031232,35
20170701003,19
20170701013,13
20170701023,9
20170701033,6
20170701043,6
20170701053,7
20170701063,7
20170701073,8
20170701083,12
20170701093,17
20170701103,23
20170701113,24
20170701123,22
20170701133,22
20170701143,24
20170701153,23
20170701163,22
20170701173,26
20170701183,28
20170701193,17
20170701203,13
20170701213,12
20170701223,13
20170701233,14
20170702003,14
20170702013,12
20170702023,5
20170702033,6
20170702043,5
20170702053,5
20170702063,5
20170702073,7
20170702083,10
20170702093,12
20170702103,23
20170702113,25
20170702123,23
20170702133,22
20170702143,24
20170702153,22
20170702163,23
20170702173,34
20170702183,43
20170702193,18
20170702203,10
20170702213,10
20170702223,11
20170702233,11
20170703003,31
20170703013,14
20170703023,8
20170703033,7
20170703043,5
20170703053,7
20170703063,6
20170703073,10
20170703083,13
20170703093,13
20170703103,21
20170703113,22
20170703123,24
20170703133,21
20170703143,25
20170703153,22
20170703163,20
20170703173,21
20170703183,23
20170703193,24
20170703203,21
20170703213,20
20170703223,20
20170703233,18
20170704003,17
20170704013,13
20170704023,9
20170704033,8
20170704043,6
20170704053,7
20170704063,7
20170704073,9
20170704083,13
20170704093,15
20170704103,19
20170704113,24
20170704123,26
20170704133,23
20170704143,29
20170704153,26
20170704163,23
20170704173,24
20170704183,24
20170704193,24
20170704203,20
20170704213,20
20170704223,21
20170704233,18
20170705003,16
20170705013,13
20170705023,10
20170705033,9
20170705043,6
20170705053,7
20170705063,7
20170705073,9
20170705083,15
20170705093,20
20170705103,20
20170705113,24
20170705123,24
20170705133,21
20170705143,25
20170705153,24
20170705163,22
20170705173,25
20170705183,26
20170705193,23
20170705203,20
20170705213,19
20170705223,20
20170705233,18
20170706003,16
20170706013,12
20170706023,9
20170706033,8
20170706043,6
20170706053,6
20170706063,7
20170706073,8
20170706083,12
20170706093,16
20170706103,19
20170706113,24
20170706123,25
20170706133,21
20170706143,23
20170706153,25
20170706163,25
20170706173,25
20170706183,25
20170706193,21
20170706203,19
20170706213,19
20170706223,19
20170706233,17
20170707003,16
20170707013,12
20170707023,9
20170707033,8
20170707043,6
20170707053,6
20170707063,7
20170707073,9
20170707083,13
20170707093,15
20170707103,19
20170707113,23
20170707123,23
20170707133,21
20170707143,21
20170707153,30
20170707163,29
20170707173,26
20170707183,24
20170707193,20
20170707203,19
20170707213,19
20170707223,18
20170707233,16
20170708003,14
20170708013,10
20170708023,10
20170708033,8
20170708043,6
20170708053,5
20170708063,6
20170708073,8
20170708083,9
20170708093,16
20170708103,17
20170708113,18
20170708123,23
20170708133,17
20170708143,16
20170708153,15
20170708163,15
20170708173,16
20170708183,14
20170708193,16
20170708203,16
20170708213,17
20170708223,17
20170708233,15
20170709003,14
20170709013,9
20170709023,6
20170709033,7
20170709043,4
20170709053,5
20170709063,5
20170709073,7
20170709083,9
20170709093,11
20170709103,12
20170709113,11
20170709123,16
20170709133,13
20170709143,12
20170709153,11
20170709163,12
20170709173,11
20170709183,14
20170709193,12
20170709203,14
20170709213,14
20170709223,14
20170709233,13
20170710003,12
20170710013,10
20170710023,7
20170710033,8
20170710043,6
20170710053,6
20170710063,6
20170710073,8
20170710083,12
20170710093,15
20170710103,19
20170710113,24
20170710123,27
20170710133,25
20170710143,24
20170710153,34
20170710163,28
20170710173,25
20170710183,21
20170710193,23
20170710203,20
20170710213,20
20170710223,18
20170710233,17
20170711003,15
20170711013,11
20170711023,10
20170711033,9
20170711043,7
20170711053,6
20170711063,7
20170711073,9
20170711083,12
20170711093,16
20170711103,20
20170711113,24
20170711123,27
20170711133,26
20170711143,26
20170711153,31
20170711163,26
20170711173,24
20170711183,32
20170711193,33
20170711203,26
20170711213,23
20170711223,18
20170711233,18
20170712003,16
20170712013,14
20170712023,11
20170712033,10
20170712043,7
20170712053,7
20170712063,8
20170712073,10
20170712083,15
20170712093,22
20170712103,22
20170712113,26
20170712123,27
20170712133,26
20170712143,26
20170712153,31
20170712163,27
20170712173,24
20170712183,31
20170712193,31
20170712203,24
20170712213,21
20170712223,18
20170712233,17
20170713003,16
20170713013,13
20170713023,11
20170713033,10
20170713043,9
20170713053,9
20170713063,9
20170713073,12
20170713083,12
20170713093,17
20170713103,22
20170713113,25
20170713123,26
20170713133,24
20170713143,26
20170713153,31
20170713163,30
20170713173,30
20170713183,56
20170713193,43
20170713203,35
20170713213,30
20170713223,27
20170713233,24
20170714003,17
20170714013,14
20170714023,10
20170714033,10
20170714043,9
20170714053,9
20170714063,10
20170714073,12
20170714083,13
20170714093,16
20170714103,22
20170714113,27
20170714123,28
20170714133,24
20170714143,24
20170714153,31
20170714163,28
20170714173,25
20170714183,28
20170714193,25
20170714203,23
20170714213,23
20170714223,21
20170714233,18
20170715003,17
20170715013,10
20170715023,10
20170715033,8
20170715043,7
20170715053,8
20170715063,8
20170715073,7
20170715083,12
20170715093,15
20170715103,14
20170715113,14
20170715123,18
20170715133,14
20170715143,14
20170715153,14
20170715163,13
20170715173,13
20170715183,14
20170715193,16
20170715203,15
20170715213,18
20170715223,17
20170715233,15
20170716003,16
20170716013,9
20170716023,8
20170716033,7
20170716043,5
20170716053,5
20170716063,5
20170716073,6
20170716083,12
20170716093,12
20170716103,12
20170716113,12
20170716123,16
20170716133,14
20170716143,13
20170716153,13
20170716163,13
20170716173,13
20170716183,14
20170716193,13
20170716203,15
20170716213,13
20170716223,15
20170716233,15
20170717003,13
20170717013,10
20170717023,7
20170717033,6
20170717043,6
20170717053,7
20170717063,9
20170717073,8
20170717083,13
20170717093,14
20170717103,22
20170717113,25
20170717123,26
20170717133,24
20170717143,25
20170717153,26
20170717163,24
20170717173,24
20170717183,34
20170717193,31
20170717203,31
20170717213,24
20170717223,22
20170717233,19
20170718003,17
20170718013,11
20170718023,10
20170718033,8
20170718043,7
20170718053,8
20170718063,8
20170718073,8
20170718083,12
20170718093,15
20170718103,23
20170718113,26
20170718123,26
20170718133,25
20170718143,27
20170718153,27
20170718163,25
20170718173,26
20170718183,37
20170718193,32
20170718203,32
20170718213,26
20170718223,23
20170718233,21
20170719003,18
20170719013,13
20170719023,11
20170719033,9
20170719043,7
20170719053,8
20170719063,9
20170719073,8
20170719083,12
20170719093,18
20170719103,27
20170719113,28
20170719123,28
20170719133,27
20170719143,38
20170719153,32
20170719163,29
20170719173,31
20170719183,36
20170719193,32
20170719203,31
20170719213,34
20170719223,31
20170719233,31
20170720003,32
20170720013,14
20170720023,12
20170720033,7
20170720043,7
20170720053,8
20170720063,9
20170720073,9
20170720083,13
20170720093,20
20170720103,33
20170720113,33
20170720123,34
20170720133,35
20170720143,78
20170720153,56
20170720163,40
20170720173,39
20170720183,35
20170720193,30
20170720203,28
20170720213,29
20170720223,26
20170720233,25
20170721003,33
20170721013,14
20170721023,11
20170721033,7
20170721043,8
20170721053,8
20170721063,8
20170721073,11
20170721083,12
20170721093,17
20170721103,28
20170721113,29
20170721123,32
20170721133,33
20170721143,69
20170721153,52
20170721163,40
20170721173,37
20170721183,34
20170721193,31
20170721203,27
20170721213,27
20170721223,25
20170721233,24
20170722003,40
20170722013,11
20170722023,11
20170722033,8
20170722043,7
20170722053,7
20170722063,7
20170722073,10
20170722083,12
20170722093,16
20170722103,17
20170722113,17
20170722123,24
20170722133,18
20170722143,19
20170722153,19
20170722163,17
20170722173,21
20170722183,21
20170722193,20
20170722203,20
20170722213,21
20170722223,21
20170722233,21
20170723003,49
20170723013,9
20170723023,9
20170723033,8
20170723043,6
20170723053,6
20170723063,6
20170723073,10
20170723083,11
20170723093,13
20170723103,17
20170723113,16
20170723123,21
20170723133,18
20170723143,16
20170723153,16
20170723163,15
20170723173,16
20170723183,18
20170723193,15
20170723203,17
20170723213,16
20170723223,17
20170723233,18
20170724003,30
20170724013,11
20170724023,8
20170724033,7
20170724043,7
20170724053,6
20170724063,8
20170724073,10
20170724083,11
20170724093,16
20170724103,22
20170724113,22
20170724123,23
20170724133,23
20170724143,27
20170724153,26
20170724163,23
20170724173,25
20170724183,26
20170724193,26
20170724203,22
20170724213,23
20170724223,25
20170724233,25
20170725003,25
20170725013,13
20170725023,11
20170725033,8
20170725043,8
20170725053,7
20170725063,7
20170725073,9
20170725083,12
20170725093,17
20170725103,25
20170725113,30
20170725123,29
20170725133,30
20170725143,33
20170725153,32
20170725163,31
20170725173,33
20170725183,31
20170725193,29
20170725203,25
20170725213,25
20170725223,26
20170725233,26
20170726003,19
20170726013,13
20170726023,10
20170726033,9
20170726043,8
20170726053,7
20170726063,7
20170726073,8
20170726083,11
20170726093,18
20170726103,24
20170726113,27
20170726123,26
20170726133,26
20170726143,32
20170726153,30
20170726163,28
20170726173,28
20170726183,28
20170726193,28
20170726203,23
20170726213,23
20170726223,24
20170726233,25
20170727003,18
20170727013,14
20170727023,12
20170727033,8
20170727043,8
20170727053,8
20170727063,8
20170727073,8
20170727083,11
20170727093,17
20170727103,25
20170727113,31
20170727123,30
20170727133,29
20170727143,33
20170727153,33
20170727163,31
20170727173,30
20170727183,31
20170727193,28
20170727203,25
20170727213,25
20170727223,25
20170727233,26
20170728003,16
20170728013,14
20170728023,10
20170728033,8
20170728043,7
20170728053,9
20170728063,8
20170728073,11
20170728083,11
20170728093,15
20170728103,25
20170728113,29
20170728123,29
20170728133,29
20170728143,31
20170728153,31
20170728163,29
20170728173,29
20170728183,31
20170728193,28
20170728203,25
20170728213,23
20170728223,23
20170728233,25
20170729003,15
20170729013,11
20170729023,10
20170729033,8
20170729043,7
20170729053,8
20170729063,7
20170729073,8
20170729083,11
20170729093,14
20170729103,14
20170729113,15
20170729123,19
20170729133,16
20170729143,16
20170729153,15
20170729163,15
20170729173,17
20170729183,21
20170729193,19
20170729203,20
20170729213,20
20170729223,21
20170729233,20
20170730003,16
20170730013,10
20170730023,8
20170730033,7
20170730043,7
20170730053,7
20170730063,7
20170730073,9
20170730083,11
20170730093,12
20170730103,15
20170730113,16
20170730123,19
20170730133,16
20170730143,14
20170730153,14
20170730163,14
20170730173,14
20170730183,20
20170730193,13
20170730203,15
20170730213,14
20170730223,15
20170730233,16
20170731003,19
20170731013,12
20170731023,9
20170731033,8
20170731043,7
20170731053,7
20170731063,8
20170731073,10
20170731083,11
20170731093,17
20170731103,23
20170731113,26
20170731123,27
20170731133,28
20170731143,29
20170731153,28
20170731163,26
20170731173,28
20170731183,27
20170731193,27
20170731203,25
20170731213,24
20170731223,25
20170731233,26
20170801003,26
20170801013,16
20170801023,9
20170801033,8
20170801043,7
20170801053,7
20170801063,8
20170801073,11
20170801083,13
20170801093,15
20170801103,22
20170801113,27
20170801123,27
20170801133,25
20170801143,27
20170801153,26
20170801163,30
20170801173,30
20170801183,26
20170801193,25
20170801203,21
20170801213,20
20170801223,20
20170801233,18
20170802003,17
20170802013,13
20170802023,8
20170802033,8
20170802043,7
20170802053,7
20170802063,7
20170802073,10
20170802083,14
20170802093,20
20170802103,22
20170802113,25
20170802123,25
20170802133,22
20170802143,25
20170802153,25
20170802163,25
20170802173,24
20170802183,24
20170802193,22
20170802203,20
20170802213,19
20170802223,19
20170802233,17
20170803003,16
20170803013,12
20170803023,9
20170803033,7
20170803043,6
20170803053,7
20170803063,7
20170803073,9
20170803083,12
20170803093,16
20170803103,23
20170803113,25
20170803123,24
20170803133,21
20170803143,22
20170803153,25
20170803163,26
20170803173,24
20170803183,23
20170803193,21
20170803203,20
20170803213,19
20170803223,18
20170803233,16
20170804003,15
20170804013,13
20170804023,9
20170804033,7
20170804043,6
20170804053,7
20170804063,8
20170804073,8
20170804083,12
20170804093,15
20170804103,21
20170804113,24
20170804123,24
20170804133,21
20170804143,23
20170804153,26
20170804163,25
20170804173,21
20170804183,23
20170804193,21
20170804203,20
20170804213,18
20170804223,18
20170804233,15
20170805003,14
20170805013,10
20170805023,10
20170805033,7
20170805043,5
20170805053,6
20170805063,6
20170805073,8
20170805083,12
20170805093,16
20170805103,18
20170805113,20
20170805123,21
20170805133,17
20170805143,16
20170805153,14
20170805163,14
20170805173,16
20170805183,14
20170805193,13
20170805203,13
20170805213,12
20170805223,13
20170805233,14
20170806003,14
20170806013,9
20170806023,6
20170806033,6
20170806043,4
20170806053,5
20170806063,5
20170806073,8
20170806083,10
20170806093,11
20170806103,11
20170806113,11
20170806123,14
20170806133,12
20170806143,11
20170806153,11
20170806163,11
20170806173,11
20170806183,14
20170806193,10
20170806203,9
20170806213,10
20170806223,11
20170806233,11
20170807003,16
20170807013,10
20170807023,8
20170807033,8
20170807043,6
20170807053,7
20170807063,6
20170807073,8
20170807083,14
20170807093,15
20170807103,18
20170807113,22
20170807123,25
20170807133,22
20170807143,25
20170807153,23
20170807163,21
20170807173,23
20170807183,22
20170807193,22
20170807203,19
20170807213,19
20170807223,18
20170807233,18
20170808003,14
20170808013,11
20170808023,9
20170808033,8
20170808043,6
20170808053,6
20170808063,7
20170808073,8
20170808083,11
20170808093,16
20170808103,18
20170808113,23
20170808123,25
20170808133,23
20170808143,24
20170808153,25
20170808163,23
20170808173,24
20170808183,23
20170808193,21
20170808203,18
20170808213,18
20170808223,17
20170808233,17
20170809003,15
20170809013,12
20170809023,10
20170809033,9
20170809043,6
20170809053,6
20170809063,7
20170809073,9
20170809083,14
20170809093,20
20170809103,20
20170809113,24
20170809123,25
20170809133,23
20170809143,24
20170809153,38
20170809163,34
20170809173,29
20170809183,31
20170809193,29
20170809203,23
20170809213,20
20170809223,20
20170809233,17
20170810003,15
20170810013,11
20170810023,9
20170810033,9
20170810043,6
20170810053,6
20170810063,7
20170810073,8
20170810083,11
20170810093,16
20170810103,20
20170810113,24
20170810123,25
20170810133,22
20170810143,23
20170810153,41
20170810163,38
20170810173,31
20170810183,28
20170810193,25
20170810203,22
20170810213,21
20170810223,19
20170810233,16
20170811003,15
20170811013,11
20170811023,9
20170811033,9
20170811043,6
20170811053,6
20170811063,7
20170811073,9
20170811083,11
20170811093,14
20170811103,20
20170811113,24
20170811123,25
20170811133,22
20170811143,24
20170811153,44
20170811163,40
20170811173,32
20170811183,28
20170811193,26
20170811203,24
20170811213,22
20170811223,19
20170811233,16
20170812003,15
20170812013,10
20170812023,10
20170812033,9
20170812043,7
20170812053,6
20170812063,7
20170812073,7
20170812083,11
20170812093,15
20170812103,14
20170812113,14
20170812123,17
20170812133,13
20170812143,13
20170812153,12
20170812163,12
20170812173,12
20170812183,14
20170812193,15
20170812203,16
20170812213,17
20170812223,17
20170812233,15
20170813003,14
20170813013,8
20170813023,8
20170813033,8
20170813043,6
20170813053,5
20170813063,5
20170813073,7
20170813083,9
20170813093,11
20170813103,9
20170813113,9
20170813123,13
20170813133,12
20170813143,11
20170813153,10
20170813163,10
20170813173,10
20170813183,13
20170813193,11
20170813203,13
20170813213,14
20170813223,14
20170813233,13
20170814003,12
20170814013,10
20170814023,8
20170814033,10
20170814043,9
20170814053,9
20170814063,10
20170814073,12
20170814083,13
20170814093,17
20170814103,24
20170814113,28
20170814123,29
20170814133,28
20170814143,28
20170814153,28
20170814163,26
20170814173,27
20170814183,43
20170814193,39
20170814203,36
20170814213,26
20170814223,24
20170814233,21
20170815003,19
20170815013,12
20170815023,11
20170815033,9
20170815043,8
20170815053,9
20170815063,9
20170815073,10
20170815083,13
20170815093,17
20170815103,22
20170815113,27
20170815123,27
20170815133,25
20170815143,27
20170815153,26
20170815163,24
20170815173,25
20170815183,37
20170815193,35
20170815203,33
20170815213,27
20170815223,24
20170815233,19
20170816003,18
20170816013,14
20170816023,12
20170816033,10
20170816043,8
20170816053,9
20170816063,9
20170816073,10
20170816083,15
20170816093,21
20170816103,22
20170816113,26
20170816123,27
20170816133,24
20170816143,25
20170816153,26
20170816163,24
20170816173,22
20170816183,23
20170816193,23
20170816203,22
20170816213,22
20170816223,20
20170816233,18
20170817003,17
20170817013,13
20170817023,11
20170817033,8
20170817043,7
20170817053,8
20170817063,8
20170817073,9
20170817083,12
20170817093,15
20170817103,20
20170817113,23
20170817123,25
20170817133,21
20170817143,24
20170817153,25
20170817163,24
20170817173,22
20170817183,20
20170817193,21
20170817203,23
20170817213,22
20170817223,19
20170817233,17
20170818003,16
20170818013,13
20170818023,10
20170818033,7
20170818043,7
20170818053,8
20170818063,8
20170818073,9
20170818083,12
20170818093,14
20170818103,22
20170818113,24
20170818123,25
20170818133,26
20170818143,39
20170818153,36
20170818163,29
20170818173,27
20170818183,26
20170818193,24
20170818203,23
20170818213,22
20170818223,20
20170818233,20
20170819003,16
20170819013,11
20170819023,10
20170819033,8
20170819043,7
20170819053,7
20170819063,7
20170819073,8
20170819083,12
20170819093,14
20170819103,17
20170819113,16
20170819123,25
20170819133,17
20170819143,18
20170819153,18
20170819163,16
20170819173,18
20170819183,15
20170819193,17
20170819203,17
20170819213,18
20170819223,18
20170819233,16
20170820003,19
20170820013,9
20170820023,8
20170820033,7
20170820043,5
20170820053,5
20170820063,5
20170820073,8
20170820083,11
20170820093,13
20170820103,16
20170820113,14
20170820123,21
20170820133,16
20170820143,15
20170820153,14
20170820163,15
20170820173,15
20170820183,14
20170820193,13
20170820203,15
20170820213,13
20170820223,14
20170820233,15
20170821003,16
20170821013,11
20170821023,8
20170821033,7
20170821043,7
20170821053,7
20170821063,8
20170821073,8
20170821083,11
20170821093,15
20170821103,25
20170821113,26
20170821123,27
20170821133,27
20170821143,37
20170821153,32
20170821163,28
20170821173,29
20170821183,30
20170821193,26
20170821203,23
20170821213,25
20170821223,24
20170821233,24
20170822003,15
20170822013,12
20170822023,11
20170822033,8
20170822043,7
20170822053,7
20170822063,8
20170822073,9
20170822083,11
20170822093,16
20170822103,24
20170822113,25
20170822123,27
20170822133,26
20170822143,56
20170822153,51
20170822163,41
20170822173,38
20170822183,36
20170822193,30
20170822203,24
20170822213,25
20170822223,24
20170822233,23
20170823003,16
20170823013,13
20170823023,11
20170823033,9
20170823043,8
20170823053,8
20170823063,8
20170823073,9
20170823083,11
20170823093,18
20170823103,26
20170823113,29
20170823123,28
20170823133,28
20170823143,33
20170823153,32
20170823163,29
20170823173,29
20170823183,28
20170823193,28
20170823203,23
20170823213,23
20170823223,23
20170823233,23
20170824003,19
20170824013,14
20170824023,12
20170824033,8
20170824043,8
20170824053,8
20170824063,8
20170824073,9
20170824083,12
20170824093,18
20170824103,27
20170824113,30
20170824123,30
20170824133,28
20170824143,31
20170824153,32
20170824163,30
20170824173,29
20170824183,29
20170824193,27
20170824203,23
20170824213,22
20170824223,23
20170824233,23
20170825003,20
20170825013,14
20170825023,11
20170825033,8
20170825043,8
20170825053,8
20170825063,8
20170825073,11
20170825083,12
20170825093,15
20170825103,25
20170825113,28
20170825123,28
20170825133,28
20170825143,30
20170825153,30
20170825163,28
20170825173,27
20170825183,28
20170825193,27
20170825203,22
20170825213,20
20170825223,21
20170825233,22
20170826003,17
20170826013,11
20170826023,10
20170826033,8
20170826043,7
20170826053,7
20170826063,7
20170826073,10
20170826083,11
20170826093,14
20170826103,17
20170826113,17
20170826123,22
20170826133,18
20170826143,18
20170826153,18
20170826163,16
20170826173,19
20170826183,20
20170826193,19
20170826203,20
20170826213,20
20170826223,21
20170826233,20
20170827003,20
20170827013,10
20170827023,8
20170827033,7
20170827043,7
20170827053,7
20170827063,7
20170827073,9
20170827083,11
20170827093,12
20170827103,14
20170827113,15
20170827123,18
20170827133,15
20170827143,14
20170827153,13
20170827163,13
20170827173,14
20170827183,16
20170827193,13
20170827203,16
20170827213,14
20170827223,15
20170827233,16
20170828003,18
20170828013,12
20170828023,8
20170828033,7
20170828043,8
20170828053,7
20170828063,8
20170828073,9
20170828083,11
20170828093,16
20170828103,22
20170828113,26
20170828123,25
20170828133,27
20170828143,30
20170828153,29
20170828163,27
20170828173,28
20170828183,28
20170828193,28
20170828203,24
20170828213,24
20170828223,26
20170828233,26
20170829003,16
20170829013,13
20170829023,11
20170829033,9
20170829043,8
20170829053,8
20170829063,8
20170829073,9
20170829083,11
20170829093,16
20170829103,26
20170829113,35
20170829123,33
20170829133,35
20170829143,36
20170829153,35
20170829163,35
20170829173,37
20170829183,34
20170829193,31
20170829203,26
20170829213,25
20170829223,26
20170829233,27
20170830003,16
20170830013,13
20170830023,11
20170830033,9
20170830043,7
20170830053,8
20170830063,8
20170830073,10
20170830083,12
20170830093,19
20170830103,25
20170830113,29
20170830123,31
20170830133,29
20170830143,31
20170830153,30
20170830163,30
20170830173,30
20170830183,31
20170830193,29
20170830203,26
20170830213,25
20170830223,25
20170830233,29
20170831003,17
20170831013,14
20170831023,12
20170831033,8
20170831043,7
20170831053,8
20170831063,8
20170831073,10
20170831083,12
20170831093,19
20170831103,27
20170831113,30
20170831123,30
20170831133,30
20170831143,31
20170831153,31
20170831163,31
20170831173,36
20170831183,38
20170831193,34
20170831203,32
20170831213,29
20170831223,28
20170831233,32
20170901003,19
20170901013,13
20170901023,8
20170901033,6
20170901043,7
20170901053,7
20170901063,7
20170901073,10
20170901083,12
20170901093,16
20170901103,23
20170901113,27
20170901123,26
20170901133,23
20170901143,23
20170901153,27
20170901163,33
20170901173,29
20170901183,26
20170901193,23
20170901203,21
20170901213,19
20170901223,18
20170901233,14
20170902003,14
20170902013,12
20170902023,9
20170902033,6
20170902043,6
20170902053,7
20170902063,8
20170902073,8
20170902083,12
20170902093,17
20170902103,24
20170902113,25
20170902123,23
20170902133,23
20170902143,24
20170902153,23
20170902163,23
20170902173,31
20170902183,36
20170902193,20
20170902203,13
20170902213,12
20170902223,13
20170902233,14
20170903003,13
20170903013,11
20170903023,6
20170903033,6
20170903043,4
20170903053,5
20170903063,5
20170903073,7
20170903083,10
20170903093,12
20170903103,11
20170903113,11
20170903123,14
20170903133,12
20170903143,11
20170903153,11
20170903163,11
20170903173,10
20170903183,14
20170903193,10
20170903203,10
20170903213,10
20170903223,11
20170903233,11
20170904003,24
20170904013,12
20170904023,8
20170904033,7
20170904043,5
20170904053,7
20170904063,7
20170904073,9
20170904083,13
20170904093,12
20170904103,18
20170904113,21
20170904123,24
20170904133,20
20170904143,25
20170904153,21
20170904163,19
20170904173,21
20170904183,23
20170904193,24
20170904203,22
20170904213,21
20170904223,20
20170904233,19
20170905003,17
20170905013,13
20170905023,9
20170905033,8
20170905043,6
20170905053,7
20170905063,6
20170905073,8
20170905083,13
20170905093,14
20170905103,18
20170905113,24
20170905123,27
20170905133,24
20170905143,29
20170905153,26
20170905163,23
20170905173,25
20170905183,24
20170905193,24
20170905203,20
20170905213,20
20170905223,21
20170905233,19
20170906003,16
20170906013,13
20170906023,10
20170906033,9
20170906043,7
20170906053,7
20170906063,7
20170906073,9
20170906083,15
20170906093,21
20170906103,19
20170906113,25
20170906123,25
20170906133,23
20170906143,26
20170906153,25
20170906163,23
20170906173,26
20170906183,26
20170906193,23
20170906203,19
20170906213,19
20170906223,20
20170906233,17
20170907003,16
20170907013,12
20170907023,9
20170907033,8
20170907043,6
20170907053,6
20170907063,7
20170907073,8
20170907083,13
20170907093,17
20170907103,19
20170907113,23
20170907123,24
20170907133,20
20170907143,20
20170907153,22
20170907163,23
20170907173,24
20170907183,23
20170907193,19
20170907203,18
20170907213,17
20170907223,16
20170907233,16
20170908003,15
20170908013,11
20170908023,9
20170908033,8
20170908043,6
20170908053,5
20170908063,7
20170908073,9
20170908083,9
20170908093,14
20170908103,19
20170908113,22
20170908123,23
20170908133,19
20170908143,19
20170908153,29
20170908163,30
20170908173,25
20170908183,24
20170908193,19
20170908203,19
20170908213,19
20170908223,18
20170908233,16
20170909003,14
20170909013,10
20170909023,10
20170909033,8
20170909043,6
20170909053,5
20170909063,6
20170909073,8
20170909083,11
20170909093,14
20170909103,16
20170909113,17
20170909123,23
20170909133,16
20170909143,16
20170909153,15
20170909163,15
20170909173,16
20170909183,15
20170909193,16
20170909203,16
20170909213,17
20170909223,17
20170909233,16
20170910003,14
20170910013,8
20170910023,6
20170910033,7
20170910043,5
20170910053,5
20170910063,4
20170910073,7
20170910083,9
20170910093,11
20170910103,12
20170910113,11
20170910123,16
20170910133,13
20170910143,12
20170910153,12
20170910163,12
20170910173,12
20170910183,14
20170910193,12
20170910203,14
20170910213,14
20170910223,15
20170910233,13
20170911003,12
20170911013,10
20170911023,7
20170911033,8
20170911043,7
20170911053,6
20170911063,7
20170911073,9
20170911083,12
20170911093,15
20170911103,20
20170911113,25
20170911123,28
20170911133,27
20170911143,25
20170911153,29
20170911163,24
20170911173,22
20170911183,19
20170911193,22
20170911203,19
20170911213,20
20170911223,17
20170911233,17
20170912003,16
20170912013,12
20170912023,10
20170912033,9
20170912043,8
20170912053,7
20170912063,7
20170912073,10
20170912083,12
20170912093,17
20170912103,21
20170912113,24
20170912123,27
20170912133,26
20170912143,26
20170912153,29
20170912163,25
20170912173,24
20170912183,35
20170912193,35
20170912203,26
20170912213,23
20170912223,18
20170912233,18
20170913003,17
20170913013,14
20170913023,12
20170913033,12
20170913043,10
20170913053,9
20170913063,9
20170913073,13
20170913083,15
20170913093,22
20170913103,24
20170913113,26
20170913123,27
20170913133,26
20170913143,26
20170913153,30
20170913163,29
20170913173,30
20170913183,62
20170913193,50
20170913203,37
20170913213,30
20170913223,28
20170913233,25
20170914003,18
20170914013,14
20170914023,11
20170914033,11
20170914043,9
20170914053,10
20170914063,11
20170914073,13
20170914083,13
20170914093,18
20170914103,24
20170914113,29
20170914123,30
20170914133,26
20170914143,28
20170914153,28
20170914163,25
20170914173,24
20170914183,27
20170914193,25
20170914203,24
20170914213,25
20170914223,22
20170914233,19
20170915003,18
20170915013,14
20170915023,10
20170915033,8
20170915043,7
20170915053,9
20170915063,9
20170915073,10
20170915083,12
20170915093,15
20170915103,20
20170915113,24
20170915123,26
20170915133,21
20170915143,22
20170915153,26
20170915163,24
20170915173,22
20170915183,20
20170915193,21
20170915203,22
20170915213,23
20170915223,20
20170915233,17
20170916003,16
20170916013,10
20170916023,10
20170916033,8
20170916043,7
20170916053,8
20170916063,7
20170916073,7
20170916083,13
20170916093,15
20170916103,15
20170916113,15
20170916123,19
20170916133,14
20170916143,16
20170916153,15
20170916163,14
20170916173,15
20170916183,15
20170916193,17
20170916203,16
20170916213,18
20170916223,17
20170916233,15
20170917003,15
20170917013,9
20170917023,8
20170917033,7
20170917043,5
20170917053,5
20170917063,4
20170917073,6
20170917083,11
20170917093,12
20170917103,16
20170917113,14
20170917123,20
20170917133,16
20170917143,15
20170917153,15
20170917163,15
20170917173,15
20170917183,15
20170917193,13
20170917203,15
20170917213,13
20170917223,15
20170917233,15
20170918003,13
20170918013,11
20170918023,7
20170918033,6
20170918043,6
20170918053,7
20170918063,9
20170918073,9
20170918083,12
20170918093,13
20170918103,23
20170918113,26
20170918123,27
20170918133,25
20170918143,28
20170918153,27
20170918163,25
20170918173,27
20170918183,37
20170918193,32
20170918203,32
20170918213,26
20170918223,25
20170918233,23
20170919003,17
20170919013,11
20170919023,10
20170919033,8
20170919043,7
20170919053,8
20170919063,9
20170919073,9
20170919083,12
20170919093,14
20170919103,27
20170919113,28
20170919123,29
20170919133,27
20170919143,33
20170919153,29
20170919163,27
20170919173,31
20170919183,33
20170919193,28
20170919203,26
20170919213,29
20170919223,28
20170919233,28
20170920003,21
20170920013,14
20170920023,11
20170920033,9
20170920043,8
20170920053,8
20170920063,8
20170920073,9
20170920083,12
20170920093,19
20170920103,27
20170920113,28
20170920123,28
20170920133,27
20170920143,39
20170920153,32
20170920163,29
20170920173,30
20170920183,32
20170920193,28
20170920203,24
20170920213,26
20170920223,24
20170920233,24
20170921003,22
20170921013,14
20170921023,12
20170921033,8
20170921043,7
20170921053,8
20170921063,9
20170921073,8
20170921083,12
20170921093,19
20170921103,32
20170921113,32
20170921123,33
20170921133,35
20170921143,86
20170921153,63
20170921163,45
20170921173,41
20170921183,38
20170921193,32
20170921203,30
20170921213,31
20170921223,29
20170921233,27
20170922003,24
20170922013,14
20170922023,11
20170922033,7
20170922043,8
20170922053,8
20170922063,8
20170922073,11
20170922083,12
20170922093,17
20170922103,31
20170922113,32
20170922123,35
20170922133,39
20170922143,98
20170922153,80
20170922163,57
20170922173,51
20170922183,45
20170922193,38
20170922203,32
20170922213,30
20170922223,29
20170922233,27
20170923003,42
20170923013,11
20170923023,11
20170923033,8
20170923043,8
20170923053,7
20170923063,7
20170923073,11
20170923083,12
20170923093,16
20170923103,17
20170923113,17
20170923123,22
20170923133,18
20170923143,19
20170923153,19
20170923163,17
20170923173,21
20170923183,22
20170923193,22
20170923203,22
20170923213,22
20170923223,23
20170923233,22
20170924003,33
20170924013,10
20170924023,9
20170924033,8
20170924043,7
20170924053,7
20170924063,7
20170924073,10
20170924083,11
20170924093,13
20170924103,17
20170924113,16
20170924123,21
20170924133,18
20170924143,16
20170924153,16
20170924163,15
20170924173,16
20170924183,18
20170924193,15
20170924203,17
20170924213,16
20170924223,17
20170924233,18
20170925003,30
20170925013,12
20170925023,8
20170925033,7
20170925043,7
20170925053,6
20170925063,8
20170925073,9
20170925083,11
20170925093,16
20170925103,20
20170925113,21
20170925123,21
20170925133,21
20170925143,26
20170925153,26
20170925163,23
20170925173,24
20170925183,26
20170925193,26
20170925203,22
20170925213,23
20170925223,25
20170925233,25
20170926003,20
20170926013,13
20170926023,10
20170926033,8
20170926043,8
20170926053,6
20170926063,7
20170926073,9
20170926083,11
20170926093,16
20170926103,25
20170926113,30
20170926123,29
20170926133,30
20170926143,33
20170926153,32
20170926163,31
20170926173,33
20170926183,32
20170926193,29
20170926203,24
20170926213,24
20170926223,26
20170926233,26
20170927003,20
20170927013,13
20170927023,11
20170927033,9
20170927043,8
20170927053,7
20170927063,7
20170927073,9
20170927083,11
20170927093,19
20170927103,25
20170927113,33
20170927123,30
20170927133,31
20170927143,34
20170927153,33
20170927163,32
20170927173,31
20170927183,31
20170927193,30
20170927203,26
20170927213,25
20170927223,26
20170927233,26
20170928003,21
20170928013,14
20170928023,11
20170928033,8
20170928043,9
20170928053,9
20170928063,8
20170928073,8
20170928083,12
20170928093,18
20170928103,25
20170928113,29
20170928123,28
20170928133,27
20170928143,31
20170928153,32
20170928163,29
20170928173,28
20170928183,30
20170928193,27
20170928203,25
20170928213,23
20170928223,23
20170928233,25
20170929003,19
20170929013,14
20170929023,11
20170929033,8
20170929043,7
20170929053,9
20170929063,8
20170929073,11
20170929083,11
20170929093,15
20170929103,25
20170929113,28
20170929123,28
20170929133,27
20170929143,31
20170929153,31
20170929163,28
20170929173,29
20170929183,32
20170929193,28
20170929203,25
20170929213,23
20170929223,23
20170929233,26
20170930003,18
20170930013,11
20170930023,11
20170930033,8
20170930043,6
20170930053,7
20170930063,7
20170930073,10
20170930083,11
20170930093,15
20170930103,15
20170930113,16
20170930123,19
20170930133,17
20170930143,16
20170930153,16
20170930163,15
20170930173,17
20170930183,23
20170930193,19
20170930203,20
20170930213,20
20170930223,21
20170930233,20
20171001003,18
20171001013,13
20171001023,5
20171001033,6
20171001043,5
20171001053,5
20171001063,5
20171001073,7
20171001083,10
20171001093,12
20171001103,22
20171001113,24
20171001123,22
20171001133,22
20171001143,24
20171001153,23
20171001163,22
20171001173,30
20171001183,35
20171001193,16
20171001203,10
20171001213,10
20171001223,11
20171001233,11
20171002003,29
20171002013,15
20171002023,8
20171002033,7
20171002043,6
20171002053,7
20171002063,7
20171002073,11
20171002083,13
20171002093,13
20171002103,21
20171002113,22
20171002123,24
20171002133,21
20171002143,25
20171002153,22
20171002163,20
20171002173,21
20171002183,23
20171002193,24
20171002203,21
20171002213,20
20171002223,20
20171002233,18
20171003003,18
20171003013,14
20171003023,9
20171003033,8
20171003043,6
20171003053,7
20171003063,6
20171003073,11
20171003083,13
20171003093,15
20171003103,22
20171003113,25
20171003123,26
20171003133,24
20171003143,29
20171003153,26
20171003163,24
20171003173,25
20171003183,24
20171003193,24
20171003203,20
20171003213,20
20171003223,20
20171003233,17
20171004003,16
20171004013,13
20171004023,10
20171004033,8
20171004043,6
20171004053,7
20171004063,7
20171004073,9
20171004083,14
20171004093,20
20171004103,21
20171004113,24
20171004123,24
20171004133,21
20171004143,25
20171004153,24
20171004163,23
20171004173,24
20171004183,24
20171004193,22
20171004203,20
20171004213,19
20171004223,19
20171004233,18
20171005003,16
20171005013,12
20171005023,9
20171005033,8
20171005043,6
20171005053,6
20171005063,7
20171005073,8
20171005083,12
20171005093,16
20171005103,20
20171005113,24
20171005123,24
20171005133,20
20171005143,23
20171005153,24
20171005163,23
20171005173,24
20171005183,25
20171005193,23
20171005203,21
20171005213,19
20171005223,19
20171005233,17
20171006003,16
20171006013,12
20171006023,9
20171006033,7
20171006043,6
20171006053,6
20171006063,7
20171006073,9
20171006083,12
20171006093,15
20171006103,19
20171006113,24
20171006123,24
20171006133,21
20171006143,23
20171006153,30
20171006163,29
20171006173,26
20171006183,26
20171006193,22
20171006203,20
20171006213,19
20171006223,19
20171006233,16
20171007003,15
20171007013,10
20171007023,10
20171007033,8
20171007043,6
20171007053,5
20171007063,6
20171007073,8
20171007083,12
20171007093,16
20171007103,16
20171007113,18
20171007123,21
20171007133,16
20171007143,16
20171007153,15
20171007163,15
20171007173,16
20171007183,14
20171007193,15
20171007203,14
20171007213,15
20171007223,15
20171007233,15
20171008003,14
20171008013,9
20171008023,6
20171008033,7
20171008043,4
20171008053,5
20171008063,5
20171008073,7
20171008083,9
20171008093,11
20171008103,12
20171008113,11
20171008123,16
20171008133,13
20171008143,12
20171008153,11
20171008163,12
20171008173,11
20171008183,14
20171008193,12
20171008203,13
20171008213,14
20171008223,14
20171008233,13
20171009003,12
20171009013,10
20171009023,7
20171009033,8
20171009043,6
20171009053,6
20171009063,6
20171009073,8
20171009083,12
20171009093,15
20171009103,19
20171009113,24
20171009123,27
20171009133,25
20171009143,25
20171009153,34
20171009163,29
20171009173,25
20171009183,22
20171009193,23
20171009203,20
20171009213,20
20171009223,18
20171009233,17
20171010003,15
20171010013,11
20171010023,10
20171010033,9
20171010043,7
20171010053,6
20171010063,6
20171010073,9
20171010083,12
20171010093,16
20171010103,19
20171010113,24
20171010123,25
20171010133,24
20171010143,25
20171010153,35
20171010163,31
20171010173,27
20171010183,33
20171010193,33
20171010203,26
20171010213,23
20171010223,19
20171010233,18
20171011003,15
20171011013,12
20171011023,10
20171011033,10
20171011043,7
20171011053,6
20171011063,7
20171011073,10
20171011083,14
20171011093,21
20171011103,22
20171011113,26
20171011123,27
20171011133,25
20171011143,25
20171011153,32
20171011163,29
20171011173,26
20171011183,29
20171011193,29
20171011203,24
20171011213,21
20171011223,18
20171011233,17
20171012003,15
20171012013,13
20171012023,10
20171012033,9
20171012043,7
20171012053,6
20171012063,8
20171012073,10
20171012083,12
20171012093,16
20171012103,21
20171012113,25
20171012123,26
20171012133,24
20171012143,25
20171012153,34
20171012163,31
20171012173,27
20171012183,28
20171012193,27
20171012203,22
20171012213,21
20171012223,18
20171012233,17
20171013003,16
20171013013,13
20171013023,10
20171013033,10
20171013043,9
20171013053,8
20171013063,9
20171013073,11
20171013083,12
20171013093,15
20171013103,21
20171013113,24
20171013123,25
20171013133,23
20171013143,24
20171013153,34
20171013163,33
20171013173,31
20171013183,56
20171013193,43
20171013203,33
20171013213,29
20171013223,26
20171013233,23
20171014003,16
20171014013,10
20171014023,10
20171014033,10
20171014043,8
20171014053,8
20171014063,9
20171014073,8
20171014083,13
20171014093,16
20171014103,12
20171014113,13
20171014123,16
20171014133,13
20171014143,13
20171014153,12
20171014163,11
20171014173,11
20171014183,13
20171014193,16
20171014203,15
20171014213,17
20171014223,16
20171014233,14
20171015003,17
20171015013,9
20171015023,8
20171015033,7
20171015043,5
20171015053,5
20171015063,5
20171015073,6
20171015083,10
20171015093,11
20171015103,11
20171015113,11
20171015123,15
20171015133,13
20171015143,12
20171015153,12
20171015163,12
20171015173,12
20171015183,13
20171015193,12
20171015203,15
20171015213,13
20171015223,15
20171015233,15
20171016003,13
20171016013,10
20171016023,8
20171016033,7
20171016043,7
20171016053,8
20171016063,9
20171016073,9
20171016083,13
20171016093,14
20171016103,21
20171016113,25
20171016123,26
20171016133,24
20171016143,25
20171016153,25
20171016163,24
20171016173,24
20171016183,34
20171016193,31
20171016203,30
20171016213,24
20171016223,22
20171016233,19
20171017003,17
20171017013,12
20171017023,10
20171017033,8
20171017043,7
20171017053,8
20171017063,8
20171017073,9
20171017083,13
20171017093,15
20171017103,22
20171017113,25
20171017123,26
20171017133,24
20171017143,25
20171017153,26
20171017163,24
20171017173,24
20171017183,37
20171017193,33
20171017203,32
20171017213,25
20171017223,21
20171017233,18
20171018003,18
20171018013,13
20171018023,11
20171018033,9
20171018043,7
20171018053,8
20171018063,8
20171018073,9
20171018083,13
20171018093,19
20171018103,23
20171018113,26
20171018123,27
20171018133,25
20171018143,29
20171018153,27
20171018163,25
20171018173,25
20171018183,26
20171018193,24
20171018203,24
20171018213,23
20171018223,22
20171018233,21
20171019003,18
20171019013,13
20171019023,11
20171019033,7
20171019043,7
20171019053,8
20171019063,9
20171019073,8
20171019083,12
20171019093,17
20171019103,31
20171019113,31
20171019123,32
20171019133,34
20171019143,72
20171019153,52
20171019163,38
20171019173,37
20171019183,36
20171019193,31
20171019203,30
20171019213,31
20171019223,28
20171019233,27
20171020003,36
20171020013,14
20171020023,10
20171020033,7
20171020043,7
20171020053,8
20171020063,8
20171020073,11
20171020083,12
20171020093,16
20171020103,25
20171020113,26
20171020123,26
20171020133,29
20171020143,57
20171020153,44
20171020163,34
20171020173,32
20171020183,29
20171020193,26
20171020203,23
20171020213,23
20171020223,21
20171020233,21
20171021003,39
20171021013,11
20171021023,11
20171021033,8
20171021043,7
20171021053,7
20171021063,7
20171021073,9
20171021083,11
20171021093,15
20171021103,16
20171021113,16
20171021123,24
20171021133,17
20171021143,18
20171021153,18
20171021163,16
20171021173,19
20171021183,18
20171021193,18
20171021203,19
20171021213,20
20171021223,20
20171021233,19
20171022003,29
20171022013,9
20171022023,8
20171022033,8
20171022043,6
20171022053,6
20171022063,6
20171022073,9
20171022083,11
20171022093,13
20171022103,17
20171022113,15
20171022123,21
20171022133,17
20171022143,16
20171022153,15
20171022163,15
20171022173,16
20171022183,18
20171022193,14
20171022203,16
20171022213,14
20171022223,15
20171022233,16
20171023003,27
20171023013,11
20171023023,8
20171023033,7
20171023043,7
20171023053,7
20171023063,8
20171023073,9
20171023083,11
20171023093,15
20171023103,22
20171023113,22
20171023123,23
20171023133,23
20171023143,27
20171023153,26
20171023163,23
20171023173,25
20171023183,26
20171023193,25
20171023203,21
20171023213,22
20171023223,23
20171023233,24
20171024003,22
20171024013,12
20171024023,11
20171024033,8
20171024043,7
20171024053,7
20171024063,7
20171024073,9
20171024083,11
20171024093,16
20171024103,26
20171024113,32
20171024123,31
20171024133,32
20171024143,34
20171024153,33
20171024163,31
20171024173,33
20171024183,31
20171024193,29
20171024203,25
20171024213,25
20171024223,26
20171024233,26
20171025003,19
20171025013,13
20171025023,11
20171025033,9
20171025043,8
20171025053,7
20171025063,8
20171025073,9
20171025083,12
20171025093,19
20171025103,24
20171025113,27
20171025123,26
20171025133,26
20171025143,31
20171025153,30
20171025163,28
20171025173,28
20171025183,28
20171025193,28
20171025203,23
20171025213,23
20171025223,24
20171025233,24
20171026003,17
20171026013,14
20171026023,11
20171026033,8
20171026043,8
20171026053,8
20171026063,8
20171026073,8
20171026083,11
20171026093,17
20171026103,25
20171026113,28
20171026123,27
20171026133,27
20171026143,31
20171026153,31
20171026163,29
20171026173,28
20171026183,29
20171026193,27
20171026203,23
20171026213,22
20171026223,23
20171026233,24
20171027003,16
20171027013,14
20171027023,11
20171027033,8
20171027043,7
20171027053,8
20171027063,7
20171027073,11
20171027083,11
20171027093,15
20171027103,25
20171027113,31
20171027123,30
20171027133,31
20171027143,32
20171027153,32
20171027163,30
20171027173,30
20171027183,31
20171027193,28
20171027203,24
20171027213,23
20171027223,23
20171027233,25
20171028003,16
20171028013,11
20171028023,10
20171028033,8
20171028043,7
20171028053,8
20171028063,7
20171028073,8
20171028083,11
20171028093,14
20171028103,14
20171028113,15
20171028123,19
20171028133,15
20171028143,15
20171028153,15
20171028163,14
20171028173,17
20171028183,19
20171028193,19
20171028203,20
20171028213,20
20171028223,21
20171028233,20
20171029003,16
20171029013,10
20171029023,8
20171029033,7
20171029043,7
20171029053,7
20171029063,7
20171029073,8
20171029083,11
20171029093,12
20171029103,15
20171029113,15
20171029123,19
20171029133,16
20171029143,14
20171029153,13
20171029163,14
20171029173,14
20171029183,17
20171029193,13
20171029203,15
20171029213,14
20171029223,15
20171029233,16
20171030003,15
20171030013,12
20171030023,9
20171030033,8
20171030043,7
20171030053,7
20171030063,8
20171030073,10
20171030083,11
20171030093,16
20171030103,24
20171030113,27
20171030123,29
20171030133,28
20171030143,30
20171030153,29
20171030163,27
20171030173,29
20171030183,28
20171030193,28
20171030203,25
20171030213,25
20171030223,25
20171030233,27
20171031003,15
20171031013,12
20171031023,11
20171031033,8
20171031043,7
20171031053,7
20171031063,8
20171031073,10
20171031083,12
20171031093,18
20171031103,26
20171031113,33
20171031123,33
20171031133,34
20171031143,33
20171031153,32
20171031163,32
20171031173,33
20171031183,31
20171031193,29
20171031203,26
20171031213,25
20171031223,25
20171031233,27
20170701004,7
20170701014,6
20170701024,4
20170701034,4
20170701044,3
20170701054,3
20170701064,4
20170701074,6
20170701084,8
20170701094,6
20170701104,9
20170701114,7
20170701124,7
20170701134,9
20170701144,8
20170701154,8
20170701164,7
20170701174,7
20170701184,7
20170701194,7
20170701204,6
20170701214,6
20170701224,8
20170701234,9
20170702004,6
20170702014,6
20170702024,4
20170702034,4
20170702044,3
20170702054,3
20170702064,4
20170702074,5
20170702084,7
20170702094,6
20170702104,8
20170702114,7
20170702124,7
20170702134,8
20170702144,7
20170702154,8
20170702164,7
20170702174,8
20170702184,8
20170702194,8
20170702204,7
20170702214,6
20170702224,5
20170702234,8
20170703004,8
20170703014,5
20170703024,5
20170703034,4
20170703044,4
20170703054,4
20170703064,3
20170703074,6
20170703084,6
20170703094,7
20170703104,8
20170703114,12
20170703124,13
20170703134,12
20170703144,11
20170703154,10
20170703164,9
20170703174,10
20170703184,10
20170703194,10
20170703204,12
20170703214,11
20170703224,11
20170703234,11
20170704004,8
20170704014,6
20170704024,5
20170704034,4
20170704044,3
20170704054,5
20170704064,3
20170704074,5
20170704084,6
20170704094,8
20170704104,8
20170704114,13
20170704124,15
20170704134,12
20170704144,11
20170704154,10
20170704164,8
20170704174,9
20170704184,9
20170704194,7
20170704204,9
20170704214,9
20170704224,10
20170704234,8
20170705004,8
20170705014,6
20170705024,5
20170705034,5
20170705044,4
20170705054,5
20170705064,4
20170705074,6
20170705084,6
20170705094,8
20170705104,9
20170705114,12
20170705124,14
20170705134,10
20170705144,10
20170705154,10
20170705164,9
20170705174,9
20170705184,8
20170705194,7
20170705204,9
20170705214,9
20170705224,8
20170705234,8
20170706004,8
20170706014,7
20170706024,5
20170706034,5
20170706044,4
20170706054,5
20170706064,5
20170706074,6
20170706084,6
20170706094,9
20170706104,10
20170706114,12
20170706124,15
20170706134,11
20170706144,11
20170706154,11
20170706164,10
20170706174,10
20170706184,7
20170706194,8
20170706204,9
20170706214,9
20170706224,7
20170706234,8
20170707004,7
20170707014,7
20170707024,4
20170707034,5
20170707044,4
20170707054,4
20170707064,5
20170707074,6
20170707084,5
20170707094,7
20170707104,8
20170707114,10
20170707124,12
20170707134,10
20170707144,12
20170707154,13
20170707164,10
20170707174,10
20170707184,9
20170707194,9
20170707204,12
20170707214,11
20170707224,10
20170707234,10
20170708004,7
20170708014,6
20170708024,4
20170708034,3
20170708044,4
20170708054,3
20170708064,5
20170708074,4
20170708084,5
20170708094,6
20170708104,9
20170708114,8
20170708124,6
20170708134,10
20170708144,11
20170708154,9
20170708164,9
20170708174,10
20170708184,8
20170708194,9
20170708204,8
20170708214,7
20170708224,9
20170708234,9
20170709004,7
20170709014,5
20170709024,4
20170709034,4
20170709044,4
20170709054,3
20170709064,5
20170709074,5
20170709084,5
20170709094,6
20170709104,9
20170709114,7
20170709124,7
20170709134,8
20170709144,7
20170709154,8
20170709164,8
20170709174,8
20170709184,8
20170709194,10
20170709204,8
20170709214,7
20170709224,7
20170709234,7
20170710004,7
20170710014,5
20170710024,3
20170710034,4
20170710044,4
20170710054,4
20170710064,3
20170710074,4
20170710084,5
20170710094,6
20170710104,7
20170710114,9
20170710124,12
20170710134,9
20170710144,12
20170710154,11
20170710164,13
20170710174,11
20170710184,9
20170710194,8
20170710204,8
20170710214,8
20170710224,9
20170710234,10
20170711004,7
20170711014,7
20170711024,4
20170711034,4
20170711044,4
20170711054,4
20170711064,4
20170711074,5
20170711084,5
20170711094,7
20170711104,7
20170711114,9
20170711124,12
20170711134,9
20170711144,12
20170711154,11
20170711164,14
20170711174,11
20170711184,12
20170711194,9
20170711204,8
20170711214,10
20170711224,9
20170711234,8
20170712004,7
20170712014,6
20170712024,5
20170712034,4
20170712044,4
20170712054,4
20170712064,4
20170712074,5
20170712084,6
20170712094,7
20170712104,7
20170712114,10
20170712124,12
20170712134,12
20170712144,13
20170712154,12
20170712164,12
20170712174,11
20170712184,11
20170712194,10
20170712204,11
20170712214,11
20170712224,9
20170712234,8
20170713004,8
20170713014,7
20170713024,5
20170713034,5
20170713044,5
20170713054,6
20170713064,6
20170713074,5
20170713084,6
20170713094,8
20170713104,8
20170713114,11
20170713124,11
20170713134,12
20170713144,12
20170713154,12
20170713164,11
20170713174,10
20170713184,10
20170713194,9
20170713204,9
20170713214,8
20170713224,7
20170713234,7
20170714004,6
20170714014,5
20170714024,5
20170714034,5
20170714044,4
20170714054,5
20170714064,5
20170714074,4
20170714084,7
20170714094,7
20170714104,8
20170714114,11
20170714124,11
20170714134,14
20170714144,14
20170714154,16
20170714164,12
20170714174,11
20170714184,10
20170714194,12
20170714204,16
20170714214,12
20170714224,11
20170714234,8
20170715004,6
20170715014,5
20170715024,5
20170715034,5
20170715044,4
20170715054,4
20170715064,5
20170715074,3
20170715084,7
20170715094,6
20170715104,8
20170715114,6
20170715124,8
20170715134,6
20170715144,7
20170715154,7
20170715164,7
20170715174,8
20170715184,7
20170715194,8
20170715204,10
20170715214,10
20170715224,11
20170715234,11
20170716004,7
20170716014,5
20170716024,5
20170716034,4
20170716044,4
20170716054,4
20170716064,5
20170716074,4
20170716084,7
20170716094,6
20170716104,8
20170716114,6
20170716124,8
20170716134,8
20170716144,8
20170716154,8
20170716164,6
20170716174,6
20170716184,6
20170716194,8
20170716204,8
20170716214,8
20170716224,8
20170716234,8
20170717004,7
20170717014,4
20170717024,4
20170717034,5
20170717044,5
20170717054,5
20170717064,4
20170717074,5
20170717084,5
20170717094,5
20170717104,7
20170717114,9
20170717124,10
20170717134,11
20170717144,12
20170717154,13
20170717164,13
20170717174,11
20170717184,8
20170717194,8
20170717204,8
20170717214,8
20170717224,10
20170717234,7
20170718004,8
20170718014,5
20170718024,5
20170718034,4
20170718044,5
20170718054,4
20170718064,4
20170718074,5
20170718084,5
20170718094,6
20170718104,7
20170718114,9
20170718124,10
20170718134,10
20170718144,11
20170718154,13
20170718164,13
20170718174,11
20170718184,9
20170718194,9
20170718204,9
20170718214,9
20170718224,10
20170718234,8
20170719004,8
20170719014,5
20170719024,5
20170719034,4
20170719044,4
20170719054,4
20170719064,4
20170719074,4
20170719084,7
20170719094,7
20170719104,7
20170719114,9
20170719124,12
20170719134,11
20170719144,11
20170719154,14
20170719164,12
20170719174,11
20170719184,10
20170719194,10
20170719204,12
20170719214,11
20170719224,11
20170719234,9
20170720004,9
20170720014,6
20170720024,5
20170720034,5
20170720044,5
20170720054,4
20170720064,4
20170720074,5
20170720084,8
20170720094,8
20170720104,9
20170720114,10
20170720124,11
20170720134,10
20170720144,10
20170720154,16
20170720164,15
20170720174,13
20170720184,10
20170720194,10
20170720204,11
20170720214,9
20170720224,11
20170720234,9
20170721004,8
20170721014,5
20170721024,6
20170721034,5
20170721044,4
20170721054,4
20170721064,5
20170721074,5
20170721084,7
20170721094,8
20170721104,9
20170721114,9
20170721124,11
20170721134,10
20170721144,11
20170721154,16
20170721164,15
20170721174,13
20170721184,11
20170721194,14
20170721204,16
20170721214,12
20170721224,13
20170721234,11
20170722004,8
20170722014,6
20170722024,5
20170722034,5
20170722044,5
20170722054,4
20170722064,5
20170722074,5
20170722084,7
20170722094,7
20170722104,10
20170722114,10
20170722124,10
20170722134,9
20170722144,11
20170722154,10
20170722164,8
20170722174,9
20170722184,8
20170722194,9
20170722204,10
20170722214,8
20170722224,9
20170722234,8
20170723004,8
20170723014,4
20170723024,5
20170723034,4
20170723044,4
20170723054,4
20170723064,5
20170723074,4
20170723084,6
20170723094,7
20170723104,7
20170723114,7
20170723124,7
20170723134,6
20170723144,7
20170723154,8
20170723164,7
20170723174,7
20170723184,7
20170723194,8
20170723204,8
20170723214,8
20170723224,8
20170723234,8
20170724004,7
20170724014,4
20170724024,5
20170724034,4
20170724044,3
20170724054,4
20170724064,4
20170724074,5
20170724084,4
20170724094,6
20170724104,10
20170724114,10
20170724124,11
20170724134,10
20170724144,10
20170724154,12
20170724164,11
20170724174,12
20170724184,10
20170724194,9
20170724204,9
20170724214,9
20170724224,10
20170724234,10
20170725004,7
20170725014,5
20170725024,5
20170725034,5
20170725044,2
20170725054,3
20170725064,4
20170725074,6
20170725084,4
20170725094,7
20170725104,11
20170725114,11
20170725124,14
20170725134,11
20170725144,10
20170725154,12
20170725164,11
20170725174,12
20170725184,11
20170725194,10
20170725204,10
20170725214,9
20170725224,10
20170725234,10
20170726004,7
20170726014,5
20170726024,5
20170726034,4
20170726044,3
20170726054,4
20170726064,5
20170726074,6
20170726084,5
20170726094,8
20170726104,11
20170726114,10
20170726124,15
20170726134,12
20170726144,12
20170726154,14
20170726164,13
20170726174,13
20170726184,12
20170726194,13
20170726204,13
20170726214,12
20170726224,13
20170726234,12
20170727004,8
20170727014,7
20170727024,5
20170727034,5
20170727044,4
20170727054,4
20170727064,5
20170727074,5
20170727084,7
20170727094,10
20170727104,16
20170727114,17
20170727124,22
20170727134,16
20170727144,16
20170727154,16
20170727164,15
20170727174,15
20170727184,15
20170727194,13
20170727204,13
20170727214,12
20170727224,14
20170727234,12
20170728004,7
20170728014,6
20170728024,5
20170728034,5
20170728044,5
20170728054,5
20170728064,5
20170728074,5
20170728084,5
20170728094,9
20170728104,14
20170728114,14
20170728124,17
20170728134,14
20170728144,13
20170728154,15
20170728164,16
20170728174,17
20170728184,17
20170728194,14
20170728204,16
20170728214,16
20170728224,18
20170728234,15
20170729004,11
20170729014,8
20170729024,5
20170729034,5
20170729044,5
20170729054,5
20170729064,5
20170729074,5
20170729084,6
20170729094,8
20170729104,9
20170729114,8
20170729124,9
20170729134,8
20170729144,10
20170729154,9
20170729164,7
20170729174,8
20170729184,8
20170729194,9
20170729204,9
20170729214,8
20170729224,9
20170729234,8
20170730004,10
20170730014,7
20170730024,4
20170730034,4
20170730044,4
20170730054,4
20170730064,4
20170730074,4
20170730084,5
20170730094,8
20170730104,7
20170730114,7
20170730124,7
20170730134,6
20170730144,7
20170730154,8
20170730164,7
20170730174,7
20170730184,7
20170730194,7
20170730204,7
20170730214,7
20170730224,8
20170730234,8
20170731004,11
20170731014,6
20170731024,5
20170731034,5
20170731044,3
20170731054,4
20170731064,4
20170731074,6
20170731084,5
20170731094,8
20170731104,16
20170731114,16
20170731124,19
20170731134,14
20170731144,14
20170731154,14
20170731164,15
20170731174,15
20170731184,16
20170731194,13
20170731204,14
20170731214,13
20170731224,16
20170731234,14
20170801004,8
20170801014,6
20170801024,5
20170801034,4
20170801044,4
20170801054,4
20170801064,4
20170801074,7
20170801084,7
20170801094,8
20170801104,11
20170801114,12
20170801124,15
20170801134,17
20170801144,14
20170801154,13
20170801164,14
20170801174,17
20170801184,12
20170801194,12
20170801204,13
20170801214,12
20170801224,11
20170801234,11
20170802004,8
20170802014,6
20170802024,5
20170802034,4
20170802044,4
20170802054,5
20170802064,4
20170802074,6
20170802084,7
20170802094,7
20170802104,9
20170802114,11
20170802124,14
20170802134,12
20170802144,11
20170802154,11
20170802164,10
20170802174,11
20170802184,10
20170802194,11
20170802204,13
20170802214,12
20170802224,11
20170802234,11
20170803004,8
20170803014,7
20170803024,5
20170803034,4
20170803044,3
20170803054,5
20170803064,5
20170803074,6
20170803084,7
20170803094,8
20170803104,9
20170803114,11
20170803124,12
20170803134,11
20170803144,11
20170803154,12
20170803164,10
20170803174,12
20170803184,10
20170803194,12
20170803204,13
20170803214,12
20170803224,11
20170803234,11
20170804004,7
20170804014,6
20170804024,4
20170804034,4
20170804044,3
20170804054,4
20170804064,5
20170804074,5
20170804084,7
20170804094,8
20170804104,7
20170804114,10
20170804124,11
20170804134,10
20170804144,10
20170804154,12
20170804164,10
20170804174,10
20170804184,9
20170804194,12
20170804204,14
20170804214,14
20170804224,12
20170804234,11
20170805004,6
20170805014,7
20170805024,4
20170805034,4
20170805044,3
20170805054,2
20170805064,4
20170805074,4
20170805084,6
20170805094,7
20170805104,10
20170805114,9
20170805124,10
20170805134,9
20170805144,10
20170805154,8
20170805164,8
20170805174,8
20170805184,8
20170805194,8
20170805204,7
20170805214,7
20170805224,7
20170805234,9
20170806004,6
20170806014,6
20170806024,4
20170806034,4
20170806044,3
20170806054,3
20170806064,3
20170806074,4
20170806084,6
20170806094,7
20170806104,9
20170806114,8
20170806124,8
20170806134,8
20170806144,8
20170806154,8
20170806164,8
20170806174,8
20170806184,8
20170806194,9
20170806204,8
20170806214,7
20170806224,6
20170806234,7
20170807004,7
20170807014,6
20170807024,5
20170807034,5
20170807044,4
20170807054,4
20170807064,3
20170807074,5
20170807084,5
20170807094,7
20170807104,9
20170807114,11
20170807124,14
20170807134,10
20170807144,11
20170807154,10
20170807164,10
20170807174,9
20170807184,9
20170807194,7
20170807204,8
20170807214,9
20170807224,9
20170807234,9
20170808004,8
20170808014,8
20170808024,5
20170808034,5
20170808044,5
20170808054,5
20170808064,4
20170808074,6
20170808084,6
20170808094,8
20170808104,9
20170808114,11
20170808124,14
20170808134,10
20170808144,11
20170808154,11
20170808164,10
20170808174,10
20170808184,9
20170808194,7
20170808204,9
20170808214,9
20170808224,9
20170808234,8
20170809004,7
20170809014,6
20170809024,5
20170809034,4
20170809044,5
20170809054,5
20170809064,4
20170809074,5
20170809084,5
20170809094,6
20170809104,8
20170809114,10
20170809124,13
20170809134,10
20170809144,12
20170809154,11
20170809164,10
20170809174,9
20170809184,8
20170809194,8
20170809204,9
20170809214,9
20170809224,7
20170809234,8
20170810004,8
20170810014,6
20170810024,4
20170810034,5
20170810044,5
20170810054,5
20170810064,5
20170810074,5
20170810084,5
20170810094,7
20170810104,9
20170810114,10
20170810124,11
20170810134,10
20170810144,12
20170810154,12
20170810164,10
20170810174,10
20170810184,8
20170810194,8
20170810204,9
20170810214,8
20170810224,6
20170810234,8
20170811004,7
20170811014,6
20170811024,4
20170811034,4
20170811044,4
20170811054,4
20170811064,5
20170811074,4
20170811084,5
20170811094,7
20170811104,7
20170811114,11
20170811124,12
20170811134,12
20170811144,14
20170811154,14
20170811164,11
20170811174,10
20170811184,9
20170811194,10
20170811204,12
20170811214,11
20170811224,10
20170811234,9
20170812004,6
20170812014,6
20170812024,5
20170812034,4
20170812044,4
20170812054,4
20170812064,5
20170812074,3
20170812084,6
20170812094,6
20170812104,8
20170812114,7
20170812124,7
20170812134,9
20170812144,10
20170812154,9
20170812164,9
20170812174,10
20170812184,8
20170812194,10
20170812204,9
20170812214,8
20170812224,10
20170812234,9
20170813004,7
20170813014,6
20170813024,6
20170813034,4
20170813044,4
20170813054,4
20170813064,5
20170813074,4
20170813084,7
20170813094,6
20170813104,8
20170813114,7
20170813124,7
20170813134,7
20170813144,7
20170813154,7
20170813164,7
20170813174,8
20170813184,7
20170813194,10
20170813204,8
20170813214,7
20170813224,7
20170813234,7
20170814004,7
20170814014,5
20170814024,4
20170814034,5
20170814044,4
20170814054,4
20170814064,4
20170814074,5
20170814084,5
20170814094,6
20170814104,7
20170814114,10
20170814124,11
20170814134,12
20170814144,13
20170814154,12
20170814164,13
20170814174,11
20170814184,12
20170814194,11
20170814204,10
20170814214,10
20170814224,10
20170814234,9
20170815004,8
20170815014,5
20170815024,4
20170815034,5
20170815044,4
20170815054,5
20170815064,5
20170815074,6
20170815084,5
20170815094,7
20170815104,7
20170815114,10
20170815124,11
20170815134,11
20170815144,11
20170815154,11
20170815164,12
20170815174,11
20170815184,11
20170815194,9
20170815204,9
20170815214,9
20170815224,10
20170815234,8
20170816004,7
20170816014,5
20170816024,5
20170816034,4
20170816044,4
20170816054,5
20170816064,5
20170816074,5
20170816084,7
20170816094,7
20170816104,8
20170816114,10
20170816124,11
20170816134,12
20170816144,12
20170816154,14
20170816164,12
20170816174,11
20170816184,11
20170816194,11
20170816204,13
20170816214,11
20170816224,11
20170816234,8
20170817004,8
20170817014,5
20170817024,5
20170817034,6
20170817044,5
20170817054,5
20170817064,5
20170817074,4
20170817084,8
20170817094,8
20170817104,9
20170817114,11
20170817124,11
20170817134,11
20170817144,11
20170817154,16
20170817164,14
20170817174,12
20170817184,8
20170817194,9
20170817204,10
20170817214,8
20170817224,9
20170817234,7
20170818004,9
20170818014,5
20170818024,6
20170818034,5
20170818044,5
20170818054,4
20170818064,5
20170818074,5
20170818084,7
20170818094,7
20170818104,9
20170818114,9
20170818124,10
20170818134,12
20170818144,11
20170818154,18
20170818164,15
20170818174,13
20170818184,10
20170818194,12
20170818204,17
20170818214,12
20170818224,12
20170818234,8
20170819004,9
20170819014,6
20170819024,6
20170819034,4
20170819044,4
20170819054,4
20170819064,6
20170819074,5
20170819084,7
20170819094,7
20170819104,9
20170819114,6
20170819124,8
20170819134,7
20170819144,8
20170819154,6
20170819164,6
20170819174,7
20170819184,7
20170819194,8
20170819204,10
20170819214,10
20170819224,11
20170819234,11
20170820004,9
20170820014,7
20170820024,6
20170820034,4
20170820044,3
20170820054,3
20170820064,5
20170820074,5
20170820084,7
20170820094,7
20170820104,8
20170820114,6
20170820124,8
20170820134,8
20170820144,9
20170820154,8
20170820164,6
20170820174,5
20170820184,6
20170820194,8
20170820204,8
20170820214,8
20170820224,7
20170820234,7
20170821004,7
20170821014,5
20170821024,5
20170821034,4
20170821044,4
20170821054,4
20170821064,3
20170821074,5
20170821084,4
20170821094,5
20170821104,8
20170821114,8
20170821124,11
20170821134,9
20170821144,11
20170821154,12
20170821164,12
20170821174,11
20170821184,10
20170821194,10
20170821204,10
20170821214,10
20170821224,11
20170821234,10
20170822004,7
20170822014,6
20170822024,6
20170822034,4
20170822044,4
20170822054,3
20170822064,4
20170822074,5
20170822084,6
20170822094,8
20170822104,9
20170822114,10
20170822124,14
20170822134,12
20170822144,12
20170822154,16
20170822164,16
20170822174,14
20170822184,12
20170822194,11
20170822204,10
20170822214,10
20170822224,11
20170822234,10
20170823004,7
20170823014,4
20170823024,6
20170823034,5
20170823044,4
20170823054,3
20170823064,4
20170823074,5
20170823084,7
20170823094,8
20170823104,10
20170823114,10
20170823124,15
20170823134,11
20170823144,13
20170823154,16
20170823164,15
20170823174,14
20170823184,12
20170823194,14
20170823204,13
20170823214,12
20170823224,13
20170823234,12
20170824004,8
20170824014,5
20170824024,5
20170824034,5
20170824044,5
20170824054,4
20170824064,5
20170824074,5
20170824084,7
20170824094,8
20170824104,11
20170824114,12
20170824124,14
20170824134,11
20170824144,13
20170824154,18
20170824164,18
20170824174,16
20170824184,13
20170824194,15
20170824204,14
20170824214,11
20170824224,13
20170824234,12
20170825004,8
20170825014,5
20170825024,4
20170825034,5
20170825044,5
20170825054,4
20170825064,5
20170825074,5
20170825084,5
20170825094,7
20170825104,11
20170825114,10
20170825124,12
20170825134,9
20170825144,11
20170825154,13
20170825164,13
20170825174,13
20170825184,11
20170825194,15
20170825204,16
20170825214,11
20170825224,11
20170825234,12
20170826004,8
20170826014,5
20170826024,5
20170826034,5
20170826044,4
20170826054,4
20170826064,5
20170826074,4
20170826084,5
20170826094,6
20170826104,9
20170826114,9
20170826124,9
20170826134,8
20170826144,10
20170826154,9
20170826164,7
20170826174,8
20170826184,8
20170826194,9
20170826204,9
20170826214,8
20170826224,9
20170826234,8
20170827004,7
20170827014,5
20170827024,4
20170827034,4
20170827044,3
20170827054,4
20170827064,4
20170827074,4
20170827084,5
20170827094,6
20170827104,7
20170827114,8
20170827124,7
20170827134,7
20170827144,7
20170827154,8
20170827164,7
20170827174,7
20170827184,8
20170827194,8
20170827204,7
20170827214,8
20170827224,9
20170827234,8
20170828004,7
20170828014,5
20170828024,4
20170828034,4
20170828044,3
20170828054,3
20170828064,4
20170828074,6
20170828084,4
20170828094,8
20170828104,16
20170828114,16
20170828124,20
20170828134,15
20170828144,14
20170828154,15
20170828164,14
20170828174,15
20170828184,16
20170828194,14
20170828204,16
20170828214,15
20170828224,17
20170828234,15
20170829004,11
20170829014,8
20170829024,5
20170829034,5
20170829044,3
20170829054,3
20170829064,4
20170829074,7
20170829084,5
20170829094,10
20170829104,17
20170829114,17
20170829124,21
20170829134,16
20170829144,15
20170829154,15
20170829164,15
20170829174,16
20170829184,17
20170829194,13
20170829204,15
20170829214,13
20170829224,16
20170829234,14
20170830004,11
20170830014,7
20170830024,5
20170830034,6
20170830044,4
20170830054,5
20170830064,5
20170830074,6
20170830084,6
20170830094,10
20170830104,14
20170830114,14
20170830124,18
20170830134,14
20170830144,14
20170830154,16
20170830164,17
20170830174,17
20170830184,17
20170830194,14
20170830204,17
20170830214,16
20170830224,19
20170830234,16
20170831004,11
20170831014,8
20170831024,6
20170831034,5
20170831044,5
20170831054,5
20170831064,5
20170831074,5
20170831084,7
20170831094,11
20170831104,14
20170831114,14
20170831124,18
20170831134,14
20170831144,14
20170831154,16
20170831164,17
20170831174,17
20170831184,17
20170831194,12
20170831204,14
20170831214,14
20170831224,18
20170831234,15
20170901004,7
20170901014,6
20170901024,4
20170901034,4
20170901044,2
20170901054,5
20170901064,6
20170901074,7
20170901084,7
20170901094,6
20170901104,10
20170901114,11
20170901124,13
20170901134,16
20170901144,15
20170901154,14
20170901164,14
20170901174,18
20170901184,13
20170901194,14
20170901204,16
20170901214,14
20170901224,13
20170901234,12
20170902004,7
20170902014,6
20170902024,4
20170902034,4
20170902044,3
20170902054,3
20170902064,4
20170902074,5
20170902084,7
20170902094,6
20170902104,9
20170902114,7
20170902124,8
20170902134,8
20170902144,8
20170902154,7
20170902164,7
20170902174,7
20170902184,7
20170902194,7
20170902204,6
20170902214,6
20170902224,8
20170902234,9
20170903004,6
20170903014,7
20170903024,4
20170903034,4
20170903044,3
20170903054,2
20170903064,4
20170903074,5
20170903084,8
20170903094,8
20170903104,9
20170903114,8
20170903124,9
20170903134,9
20170903144,8
20170903154,9
20170903164,8
20170903174,8
20170903184,8
20170903194,8
20170903204,7
20170903214,6
20170903224,5
20170903234,7
20170904004,8
20170904014,5
20170904024,5
20170904034,4
20170904044,4
20170904054,5
20170904064,3
20170904074,5
20170904084,6
20170904094,7
20170904104,8
20170904114,13
20170904124,13
20170904134,11
20170904144,10
20170904154,9
20170904164,8
20170904174,8
20170904184,9
20170904194,6
20170904204,8
20170904214,8
20170904224,10
20170904234,9
20170905004,8
20170905014,6
20170905024,5
20170905034,5
20170905044,4
20170905054,5
20170905064,3
20170905074,6
20170905084,6
20170905094,8
20170905104,9
20170905114,13
20170905124,16
20170905134,12
20170905144,11
20170905154,10
20170905164,8
20170905174,9
20170905184,9
20170905194,7
20170905204,9
20170905214,9
20170905224,10
20170905234,8
20170906004,7
20170906014,7
20170906024,5
20170906034,5
20170906044,4
20170906054,4
20170906064,3
20170906074,5
20170906084,6
20170906094,8
20170906104,10
20170906114,12
20170906124,17
20170906134,12
20170906144,11
20170906154,11
20170906164,9
20170906174,9
20170906184,8
20170906194,7
20170906204,9
20170906214,9
20170906224,9
20170906234,8
20170907004,8
20170907014,8
20170907024,6
20170907034,6
20170907044,5
20170907054,6
20170907064,5
20170907074,6
20170907084,6
20170907094,7
20170907104,10
20170907114,10
20170907124,12
20170907134,8
20170907144,11
20170907154,11
20170907164,10
20170907174,10
20170907184,7
20170907194,7
20170907204,8
20170907214,8
20170907224,6
20170907234,8
20170908004,7
20170908014,7
20170908024,4
20170908034,5
20170908044,4
20170908054,4
20170908064,6
20170908074,5
20170908084,5
20170908094,7
20170908104,8
20170908114,10
20170908124,12
20170908134,11
20170908144,13
20170908154,13
20170908164,10
20170908174,10
20170908184,9
20170908194,9
20170908204,12
20170908214,11
20170908224,9
20170908234,10
20170909004,7
20170909014,6
20170909024,3
20170909034,3
20170909044,4
20170909054,3
20170909064,5
20170909074,4
20170909084,4
20170909094,6
20170909104,8
20170909114,7
20170909124,6
20170909134,11
20170909144,11
20170909154,9
20170909164,9
20170909174,10
20170909184,8
20170909194,10
20170909204,8
20170909214,7
20170909224,9
20170909234,9
20170910004,6
20170910014,5
20170910024,4
20170910034,4
20170910044,4
20170910054,3
20170910064,5
20170910074,4
20170910084,5
20170910094,6
20170910104,8
20170910114,7
20170910124,7
20170910134,7
20170910144,7
20170910154,8
20170910164,8
20170910174,8
20170910184,8
20170910194,10
20170910204,8
20170910214,7
20170910224,7
20170910234,7
20170911004,7
20170911014,5
20170911024,4
20170911034,4
20170911044,4
20170911054,4
20170911064,3
20170911074,4
20170911084,5
20170911094,6
20170911104,7
20170911114,9
20170911124,12
20170911134,9
20170911144,12
20170911154,11
20170911164,14
20170911174,11
20170911184,10
20170911194,8
20170911204,8
20170911214,9
20170911224,9
20170911234,10
20170912004,8
20170912014,7
20170912024,4
20170912034,4
20170912044,4
20170912054,4
20170912064,4
20170912074,6
20170912084,5
20170912094,7
20170912104,7
20170912114,9
20170912124,12
20170912134,9
20170912144,12
20170912154,11
20170912164,14
20170912174,11
20170912184,12
20170912194,9
20170912204,8
20170912214,9
20170912224,10
20170912234,8
20170913004,7
20170913014,7
20170913024,5
20170913034,4
20170913044,4
20170913054,5
20170913064,5
20170913074,6
20170913084,6
20170913094,7
20170913104,7
20170913114,10
20170913124,12
20170913134,13
20170913144,13
20170913154,12
20170913164,12
20170913174,11
20170913184,13
20170913194,12
20170913204,12
20170913214,11
20170913224,9
20170913234,8
20170914004,9
20170914014,5
20170914024,5
20170914034,6
20170914044,5
20170914054,6
20170914064,6
20170914074,5
20170914084,7
20170914094,7
20170914104,8
20170914114,12
20170914124,12
20170914134,15
20170914144,14
20170914154,14
20170914164,10
20170914174,10
20170914184,9
20170914194,9
20170914204,9
20170914214,8
20170914224,8
20170914234,7
20170915004,6
20170915014,5
20170915024,5
20170915034,6
20170915044,5
20170915054,5
20170915064,5
20170915074,3
20170915084,7
20170915094,7
20170915104,8
20170915114,11
20170915124,10
20170915134,12
20170915144,11
20170915154,15
20170915164,11
20170915174,11
20170915184,9
20170915194,10
20170915204,14
20170915214,11
20170915224,10
20170915234,8
20170916004,6
20170916014,5
20170916024,5
20170916034,5
20170916044,4
20170916054,4
20170916064,5
20170916074,4
20170916084,7
20170916094,6
20170916104,8
20170916114,6
20170916124,8
20170916134,6
20170916144,7
20170916154,6
20170916164,7
20170916174,8
20170916184,7
20170916194,8
20170916204,10
20170916214,10
20170916224,12
20170916234,11
20170917004,7
20170917014,6
20170917024,6
20170917034,4
20170917044,4
20170917054,4
20170917064,6
20170917074,5
20170917084,8
20170917094,6
20170917104,8
20170917114,6
20170917124,8
20170917134,8
20170917144,8
20170917154,8
20170917164,6
20170917174,6
20170917184,6
20170917194,8
20170917204,8
20170917214,8
20170917224,8
20170917234,8
20170918004,8
20170918014,4
20170918024,5
20170918034,5
20170918044,5
20170918054,4
20170918064,3
20170918074,5
20170918084,4
20170918094,5
20170918104,7
20170918114,9
20170918124,10
20170918134,11
20170918144,12
20170918154,13
20170918164,13
20170918174,11
20170918184,8
20170918194,9
20170918204,8
20170918214,8
20170918224,10
20170918234,7
20170919004,8
20170919014,4
20170919024,4
20170919034,4
20170919044,5
20170919054,3
20170919064,4
20170919074,5
20170919084,5
20170919094,6
20170919104,7
20170919114,9
20170919124,10
20170919134,10
20170919144,11
20170919154,13
20170919164,13
20170919174,11
20170919184,9
20170919194,9
20170919204,9
20170919214,9
20170919224,10
20170919234,8
20170920004,8
20170920014,5
20170920024,5
20170920034,3
20170920044,3
20170920054,3
20170920064,4
20170920074,4
20170920084,6
20170920094,7
20170920104,8
20170920114,9
20170920124,11
20170920134,10
20170920144,10
20170920154,13
20170920164,12
20170920174,11
20170920184,10
20170920194,11
20170920204,12
20170920214,11
20170920224,11
20170920234,10
20170921004,8
20170921014,6
20170921024,6
20170921034,4
20170921044,5
20170921054,4
20170921064,4
20170921074,5
20170921084,8
20170921094,8
20170921104,9
20170921114,9
20170921124,12
20170921134,10
20170921144,11
20170921154,17
20170921164,17
20170921174,14
20170921184,12
20170921194,12
20170921204,12
20170921214,11
20170921224,13
20170921234,10
20170922004,8
20170922014,5
20170922024,5
20170922034,5
20170922044,5
20170922054,4
20170922064,5
20170922074,5
20170922084,7
20170922094,8
20170922104,10
20170922114,11
20170922124,12
20170922134,10
20170922144,12
20170922154,19
20170922164,19
20170922174,17
20170922184,13
20170922194,15
20170922204,15
20170922214,11
20170922224,13
20170922234,12
20170923004,9
20170923014,4
20170923024,4
20170923034,5
20170923044,5
20170923054,4
20170923064,5
20170923074,5
20170923084,6
20170923094,7
20170923104,10
20170923114,10
20170923124,10
20170923134,9
20170923144,11
20170923154,10
20170923164,8
20170923174,9
20170923184,8
20170923194,9
20170923204,10
20170923214,8
20170923224,9
20170923234,8
20170924004,8
20170924014,5
20170924024,4
20170924034,4
20170924044,4
20170924054,4
20170924064,4
20170924074,4
20170924084,5
20170924094,6
20170924104,7
20170924114,7
20170924124,6
20170924134,6
20170924144,7
20170924154,8
20170924164,7
20170924174,7
20170924184,7
20170924194,8
20170924204,8
20170924214,8
20170924224,8
20170924234,8
20170925004,7
20170925014,4
20170925024,5
20170925034,4
20170925044,3
20170925054,4
20170925064,4
20170925074,6
20170925084,4
20170925094,6
20170925104,10
20170925114,9
20170925124,11
20170925134,10
20170925144,9
20170925154,11
20170925164,11
20170925174,11
20170925184,10
20170925194,9
20170925204,9
20170925214,8
20170925224,10
20170925234,10
20170926004,7
20170926014,5
20170926024,5
20170926034,4
20170926044,2
20170926054,3
20170926064,4
20170926074,6
20170926084,4
20170926094,7
20170926104,11
20170926114,11
20170926124,14
20170926134,11
20170926144,11
20170926154,12
20170926164,11
20170926174,12
20170926184,11
20170926194,10
20170926204,10
20170926214,9
20170926224,10
20170926234,10
20170927004,7
20170927014,6
20170927024,5
20170927034,4
20170927044,3
20170927054,3
20170927064,4
20170927074,6
20170927084,6
20170927094,8
20170927104,17
20170927114,18
20170927124,23
20170927134,16
20170927144,15
20170927154,14
20170927164,13
20170927174,14
20170927184,15
20170927194,14
20170927204,14
20170927214,13
20170927224,15
20170927234,13
20170928004,8
20170928014,7
20170928024,5
20170928034,5
20170928044,5
20170928054,5
20170928064,6
20170928074,6
20170928084,7
20170928094,11
20170928104,13
20170928114,14
20170928124,19
20170928134,16
20170928144,16
20170928154,17
20170928164,17
20170928174,17
20170928184,18
20170928194,14
20170928204,16
20170928214,16
20170928224,18
20170928234,16
20170929004,11
20170929014,8
20170929024,5
20170929034,5
20170929044,5
20170929054,5
20170929064,6
20170929074,5
20170929084,6
20170929094,9
20170929104,14
20170929114,14
20170929124,17
20170929134,14
20170929144,14
20170929154,15
20170929164,17
20170929174,17
20170929184,17
20170929194,11
20170929204,14
20170929214,14
20170929224,17
20170929234,14
20170930004,10
20170930014,7
20170930024,5
20170930034,5
20170930044,5
20170930054,5
20170930064,5
20170930074,4
20170930084,5
20170930094,7
20170930104,9
20170930114,8
20170930124,9
20170930134,8
20170930144,10
20170930154,9
20170930164,7
20170930174,8
20170930184,8
20170930194,9
20170930204,9
20170930214,8
20170930224,9
20170930234,8
20171001004,6
20171001014,6
20171001024,4
20171001034,4
20171001044,3
20171001054,3
20171001064,4
20171001074,6
20171001084,7
20171001094,7
20171001104,8
20171001114,7
20171001124,7
20171001134,8
20171001144,7
20171001154,8
20171001164,7
20171001174,7
20171001184,7
20171001194,7
20171001204,7
20171001214,6
20171001224,6
20171001234,8
20171002004,8
20171002014,5
20171002024,4
20171002034,4
20171002044,4
20171002054,4
20171002064,3
20171002074,6
20171002084,6
20171002094,6
20171002104,8
20171002114,12
20171002124,13
20171002134,12
20171002144,11
20171002154,10
20171002164,9
20171002174,10
20171002184,10
20171002194,10
20171002204,12
20171002214,11
20171002224,11
20171002234,11
20171003004,8
20171003014,6
20171003024,5
20171003034,4
20171003044,4
20171003054,4
20171003064,4
20171003074,6
20171003084,7
20171003094,8
20171003104,9
20171003114,12
20171003124,15
20171003134,12
20171003144,11
20171003154,11
20171003164,9
20171003174,11
20171003184,10
20171003194,10
20171003204,12
20171003214,12
20171003224,12
20171003234,10
20171004004,7
20171004014,6
20171004024,5
20171004034,4
20171004044,3
20171004054,4
20171004064,3
20171004074,5
20171004084,7
20171004094,8
20171004104,9
20171004114,12
20171004124,14
20171004134,11
20171004144,10
20171004154,10
20171004164,9
20171004174,9
20171004184,8
20171004194,8
20171004204,10
20171004214,9
20171004224,9
20171004234,8
20171005004,8
20171005014,7
20171005024,5
20171005034,5
20171005044,4
20171005054,5
20171005064,5
20171005074,6
20171005084,7
20171005094,8
20171005104,9
20171005114,11
20171005124,13
20171005134,10
20171005144,11
20171005154,11
20171005164,9
20171005174,10
20171005184,8
20171005194,8
20171005204,9
20171005214,9
20171005224,7
20171005234,8
20171006004,7
20171006014,7
20171006024,4
20171006034,5
20171006044,4
20171006054,4
20171006064,4
20171006074,5
20171006084,5
20171006094,7
20171006104,8
20171006114,11
20171006124,14
20171006134,11
20171006144,12
20171006154,13
20171006164,10
20171006174,10
20171006184,9
20171006194,10
20171006204,12
20171006214,12
20171006224,10
20171006234,10
20171007004,6
20171007014,7
20171007024,4
20171007034,4
20171007044,4
20171007054,3
20171007064,5
20171007074,5
20171007084,5
20171007094,6
20171007104,9
20171007114,8
20171007124,7
20171007134,10
20171007144,10
20171007154,9
20171007164,9
20171007174,10
20171007184,8
20171007194,9
20171007204,8
20171007214,7
20171007224,8
20171007234,9
20171008004,7
20171008014,6
20171008024,5
20171008034,4
20171008044,4
20171008054,3
20171008064,5
20171008074,5
20171008084,6
20171008094,6
20171008104,9
20171008114,7
20171008124,7
20171008134,8
20171008144,8
20171008154,8
20171008164,8
20171008174,9
20171008184,8
20171008194,10
20171008204,8
20171008214,8
20171008224,7
20171008234,7
20171009004,8
20171009014,6
20171009024,4
20171009034,4
20171009044,4
20171009054,4
20171009064,4
20171009074,5
20171009084,5
20171009094,6
20171009104,8
20171009114,10
20171009124,13
20171009134,10
20171009144,12
20171009154,11
20171009164,12
20171009174,10
20171009184,9
20171009194,7
20171009204,8
20171009214,8
20171009224,9
20171009234,9
20171010004,8
20171010014,7
20171010024,4
20171010034,4
20171010044,4
20171010054,4
20171010064,4
20171010074,5
20171010084,5
20171010094,7
20171010104,8
20171010114,9
20171010124,12
20171010134,10
20171010144,12
20171010154,11
20171010164,13
20171010174,11
20171010184,11
20171010194,9
20171010204,8
20171010214,9
20171010224,9
20171010234,8
20171011004,7
20171011014,6
20171011024,4
20171011034,4
20171011044,4
20171011054,4
20171011064,4
20171011074,5
20171011084,6
20171011094,7
20171011104,7
20171011114,10
20171011124,12
20171011134,11
20171011144,13
20171011154,12
20171011164,12
20171011174,11
20171011184,10
20171011194,10
20171011204,10
20171011214,10
20171011224,8
20171011234,8
20171012004,8
20171012014,6
20171012024,5
20171012034,5
20171012044,4
20171012054,5
20171012064,5
20171012074,5
20171012084,6
20171012094,8
20171012104,8
20171012114,11
20171012124,11
20171012134,11
20171012144,12
20171012154,12
20171012164,11
20171012174,10
20171012184,9
20171012194,9
20171012204,8
20171012214,8
20171012224,7
20171012234,7
20171013004,7
20171013014,6
20171013024,5
20171013034,5
20171013044,4
20171013054,5
20171013064,5
20171013074,4
20171013084,6
20171013094,7
20171013104,7
20171013114,10
20171013124,11
20171013134,13
20171013144,13
20171013154,16
20171013164,12
20171013174,11
20171013184,11
20171013194,12
20171013204,15
20171013214,12
20171013224,10
20171013234,8
20171014004,6
20171014014,5
20171014024,5
20171014034,4
20171014044,4
20171014054,4
20171014064,5
20171014074,4
20171014084,7
20171014094,6
20171014104,8
20171014114,6
20171014124,8
20171014134,7
20171014144,8
20171014154,7
20171014164,7
20171014174,8
20171014184,7
20171014194,9
20171014204,10
20171014214,9
20171014224,11
20171014234,10
20171015004,7
20171015014,5
20171015024,5
20171015034,4
20171015044,3
20171015054,3
20171015064,5
20171015074,4
20171015084,7
20171015094,6
20171015104,8
20171015114,6
20171015124,8
20171015134,7
20171015144,8
20171015154,8
20171015164,6
20171015174,6
20171015184,6
20171015194,8
20171015204,8
20171015214,8
20171015224,7
20171015234,7
20171016004,7
20171016014,4
20171016024,4
20171016034,5
20171016044,5
20171016054,5
20171016064,4
20171016074,5
20171016084,5
20171016094,6
20171016104,7
20171016114,9
20171016124,10
20171016134,11
20171016144,12
20171016154,12
20171016164,13
20171016174,11
20171016184,10
20171016194,9
20171016204,8
20171016214,8
20171016224,10
20171016234,8
20171017004,7
20171017014,5
20171017024,4
20171017034,4
20171017044,4
20171017054,4
20171017064,4
20171017074,5
20171017084,5
20171017094,6
20171017104,8
20171017114,9
20171017124,10
20171017134,11
20171017144,11
20171017154,13
20171017164,13
20171017174,11
20171017184,10
20171017194,9
20171017204,9
20171017214,9
20171017224,10
20171017234,8
20171018004,8
20171018014,5
20171018024,5
20171018034,4
20171018044,4
20171018054,4
20171018064,4
20171018074,4
20171018084,7
20171018094,7
20171018104,8
20171018114,9
20171018124,11
20171018134,11
20171018144,11
20171018154,14
20171018164,12
20171018174,11
20171018184,10
20171018194,10
20171018204,12
20171018214,11
20171018224,11
20171018234,8
20171019004,9
20171019014,5
20171019024,5
20171019034,5
20171019044,5
20171019054,4
20171019064,5
20171019074,5
20171019084,8
20171019094,8
20171019104,9
20171019114,10
20171019124,11
20171019134,11
20171019144,10
20171019154,16
20171019164,14
20171019174,12
20171019184,9
20171019194,9
20171019204,10
20171019214,9
20171019224,10
20171019234,8
20171020004,8
20171020014,5
20171020024,5
20171020034,4
20171020044,5
20171020054,4
20171020064,5
20171020074,5
20171020084,7
20171020094,8
20171020104,9
20171020114,9
20171020124,11
20171020134,10
20171020144,11
20171020154,16
20171020164,14
20171020174,13
20171020184,10
20171020194,12
20171020204,16
20171020214,12
20171020224,12
20171020234,10
20171021004,9
20171021014,6
20171021024,6
20171021034,5
20171021044,4
20171021054,4
20171021064,5
20171021074,5
20171021084,6
20171021094,7
20171021104,9
20171021114,8
20171021124,9
20171021134,8
20171021144,10
20171021154,8
20171021164,6
20171021174,8
20171021184,7
20171021194,9
20171021204,10
20171021214,8
20171021224,9
20171021234,9
20171022004,8
20171022014,6
20171022024,5
20171022034,4
20171022044,4
20171022054,4
20171022064,5
20171022074,5
20171022084,7
20171022094,7
20171022104,7
20171022114,7
20171022124,7
20171022134,6
20171022144,7
20171022154,8
20171022164,7
20171022174,7
20171022184,7
20171022194,8
20171022204,8
20171022214,8
20171022224,8
20171022234,8
20171023004,7
20171023014,4
20171023024,5
20171023034,4
20171023044,4
20171023054,4
20171023064,4
20171023074,5
20171023084,4
20171023094,6
20171023104,9
20171023114,9
20171023124,11
20171023134,10
20171023144,10
20171023154,12
20171023164,11
20171023174,12
20171023184,10
20171023194,9
20171023204,10
20171023214,9
20171023224,10
20171023234,10
20171024004,8
20171024014,5
20171024024,5
20171024034,5
20171024044,3
20171024054,3
20171024064,4
20171024074,6
20171024084,4
20171024094,7
20171024104,11
20171024114,11
20171024124,14
20171024134,11
20171024144,11
20171024154,13
20171024164,12
20171024174,12
20171024184,11
20171024194,11
20171024204,10
20171024214,10
20171024224,11
20171024234,10
20171025004,7
20171025014,5
20171025024,5
20171025034,5
20171025044,3
20171025054,3
20171025064,4
20171025074,6
20171025084,6
20171025094,7
20171025104,10
20171025114,10
20171025124,14
20171025134,11
20171025144,12
20171025154,15
20171025164,14
20171025174,13
20171025184,12
20171025194,13
20171025204,13
20171025214,12
20171025224,13
20171025234,12
20171026004,8
20171026014,6
20171026024,5
20171026034,5
20171026044,4
20171026054,4
20171026064,5
20171026074,5
20171026084,7
20171026094,9
20171026104,11
20171026114,12
20171026124,14
20171026134,12
20171026144,14
20171026154,17
20171026164,17
20171026174,15
20171026184,13
20171026194,14
20171026204,14
20171026214,11
20171026224,13
20171026234,12
20171027004,8
20171027014,6
20171027024,5
20171027034,5
20171027044,4
20171027054,4
20171027064,5
20171027074,5
20171027084,5
20171027094,7
20171027104,17
20171027114,17
20171027124,19
20171027134,14
20171027144,13
20171027154,14
20171027164,14
20171027174,14
20171027184,14
20171027194,14
20171027204,14
20171027214,12
20171027224,13
20171027234,12
20171028004,7
20171028014,6
20171028024,5
20171028034,5
20171028044,4
20171028054,5
20171028064,5
20171028074,4
20171028084,5
20171028094,8
20171028104,9
20171028114,9
20171028124,9
20171028134,8
20171028144,10
20171028154,9
20171028164,7
20171028174,8
20171028184,8
20171028194,9
20171028204,9
20171028214,8
20171028224,9
20171028234,8
20171029004,10
20171029014,7
20171029024,4
20171029034,4
20171029044,4
20171029054,4
20171029064,5
20171029074,4
20171029084,6
20171029094,8
20171029104,7
20171029114,7
20171029124,7
20171029134,6
20171029144,7
20171029154,8
20171029164,7
20171029174,7
20171029184,8
20171029194,7
20171029204,7
20171029214,8
20171029224,9
20171029234,8
20171030004,11
20171030014,7
20171030024,5
20171030034,5
20171030044,4
20171030054,4
20171030064,4
20171030074,6
20171030084,5
20171030094,8
20171030104,16
20171030114,16
20171030124,19
20171030134,14
20171030144,14
20171030154,14
20171030164,15
20171030174,15
20171030184,16
20171030194,13
20171030204,14
20171030214,13
20171030224,16
20171030234,14
20171031004,11
20171031014,7
20171031024,5
20171031034,6
20171031044,3
20171031054,4
20171031064,4
20171031074,6
20171031084,5
20171031094,9
20171031104,17
20171031114,17
20171031124,21
20171031134,15
20171031144,14
20171031154,15
20171031164,15
20171031174,16
20171031184,16
20171031194,13
20171031204,15
20171031214,14
20171031224,16
20171031234,14
